id,dataset,split,question,context,accepted_answers,model_answer,auto_correctness_label,manual_correctness_label,raw_generation_confidence,hidden_state_method,run_id,review_notes
squad-validation-0,squad_validation_100_context,validation,Which NFL team represented the AFC at Super Bowl 50?,"Super Bowl 50 was an American football game to determine the champion of the National Football League (NFL) for the 2015 season. The American Football Conference (AFC) champion Denver Broncos defeated the National Football Conference (NFC) champion Carolina Panthers 24–10 to earn their third Super Bowl title. The game was played on February 7, 2016, at Levi's Stadium in the San Francisco Bay Area at Santa Clara, California. As this was the 50th Super Bowl, the league emphasized the ""golden anniversary"" with various gold-themed initiatives, as well as temporarily suspending the tradition of naming each Super Bowl game with Roman numerals (under which the game would have been known as ""Super Bowl L""), so that the logo could prominently feature the Arabic numerals 50.",Denver Broncos,Denver Broncos,1,,0.7706331784605718,answer_mean,benchmark-squad100-smollm2-360m-answermean-20260604T1632Z,
squad-validation-1,squad_validation_100_context,train,Which NFL team represented the NFC at Super Bowl 50?,"Super Bowl 50 was an American football game to determine the champion of the National Football League (NFL) for the 2015 season. The American Football Conference (AFC) champion Denver Broncos defeated the National Football Conference (NFC) champion Carolina Panthers 24–10 to earn their third Super Bowl title. The game was played on February 7, 2016, at Levi's Stadium in the San Francisco Bay Area at Santa Clara, California. As this was the 50th Super Bowl, the league emphasized the ""golden anniversary"" with various gold-themed initiatives, as well as temporarily suspending the tradition of naming each Super Bowl game with Roman numerals (under which the game would have been known as ""Super Bowl L""), so that the logo could prominently feature the Arabic numerals 50.",Carolina Panthers,Denver Broncos.,0,,0.7678754643039281,answer_mean,benchmark-squad100-smollm2-360m-answermean-20260604T1632Z,
squad-validation-2,squad_validation_100_context,train,Where did Super Bowl 50 take place?,"Super Bowl 50 was an American football game to determine the champion of the National Football League (NFL) for the 2015 season. The American Football Conference (AFC) champion Denver Broncos defeated the National Football Conference (NFC) champion Carolina Panthers 24–10 to earn their third Super Bowl title. The game was played on February 7, 2016, at Levi's Stadium in the San Francisco Bay Area at Santa Clara, California. As this was the 50th Super Bowl, the league emphasized the ""golden anniversary"" with various gold-themed initiatives, as well as temporarily suspending the tradition of naming each Super Bowl game with Roman numerals (under which the game would have been known as ""Super Bowl L""), so that the logo could prominently feature the Arabic numerals 50.","Santa Clara, California | Levi's Stadium | Levi's Stadium in the San Francisco Bay Area at Santa Clara, California.","Levi's Stadium in the San Francisco Bay Area at Santa Clara, California",1,,0.9315253623776554,answer_mean,benchmark-squad100-smollm2-360m-answermean-20260604T1632Z,
squad-validation-3,squad_validation_100_context,test,Which NFL team won Super Bowl 50?,"Super Bowl 50 was an American football game to determine the champion of the National Football League (NFL) for the 2015 season. The American Football Conference (AFC) champion Denver Broncos defeated the National Football Conference (NFC) champion Carolina Panthers 24–10 to earn their third Super Bowl title. The game was played on February 7, 2016, at Levi's Stadium in the San Francisco Bay Area at Santa Clara, California. As this was the 50th Super Bowl, the league emphasized the ""golden anniversary"" with various gold-themed initiatives, as well as temporarily suspending the tradition of naming each Super Bowl game with Roman numerals (under which the game would have been known as ""Super Bowl L""), so that the logo could prominently feature the Arabic numerals 50.",Denver Broncos,Denver Broncos,1,,0.7766722013643325,answer_mean,benchmark-squad100-smollm2-360m-answermean-20260604T1632Z,
squad-validation-4,squad_validation_100_context,test,What color was used to emphasize the 50th anniversary of the Super Bowl?,"Super Bowl 50 was an American football game to determine the champion of the National Football League (NFL) for the 2015 season. The American Football Conference (AFC) champion Denver Broncos defeated the National Football Conference (NFC) champion Carolina Panthers 24–10 to earn their third Super Bowl title. The game was played on February 7, 2016, at Levi's Stadium in the San Francisco Bay Area at Santa Clara, California. As this was the 50th Super Bowl, the league emphasized the ""golden anniversary"" with various gold-themed initiatives, as well as temporarily suspending the tradition of naming each Super Bowl game with Roman numerals (under which the game would have been known as ""Super Bowl L""), so that the logo could prominently feature the Arabic numerals 50.",gold,Red,0,,0.37162491716697166,answer_mean,benchmark-squad100-smollm2-360m-answermean-20260604T1632Z,
squad-validation-5,squad_validation_100_context,train,What was the theme of Super Bowl 50?,"Super Bowl 50 was an American football game to determine the champion of the National Football League (NFL) for the 2015 season. The American Football Conference (AFC) champion Denver Broncos defeated the National Football Conference (NFC) champion Carolina Panthers 24–10 to earn their third Super Bowl title. The game was played on February 7, 2016, at Levi's Stadium in the San Francisco Bay Area at Santa Clara, California. As this was the 50th Super Bowl, the league emphasized the ""golden anniversary"" with various gold-themed initiatives, as well as temporarily suspending the tradition of naming each Super Bowl game with Roman numerals (under which the game would have been known as ""Super Bowl L""), so that the logo could prominently feature the Arabic numerals 50.","""golden anniversary"" | gold-themed | ""golden anniversary","The theme of Super Bowl 50 was ""Super Bowl L.""",0,,0.7999795340080219,answer_mean,benchmark-squad100-smollm2-360m-answermean-20260604T1632Z,
squad-validation-6,squad_validation_100_context,train,What day was the game played on?,"Super Bowl 50 was an American football game to determine the champion of the National Football League (NFL) for the 2015 season. The American Football Conference (AFC) champion Denver Broncos defeated the National Football Conference (NFC) champion Carolina Panthers 24–10 to earn their third Super Bowl title. The game was played on February 7, 2016, at Levi's Stadium in the San Francisco Bay Area at Santa Clara, California. As this was the 50th Super Bowl, the league emphasized the ""golden anniversary"" with various gold-themed initiatives, as well as temporarily suspending the tradition of naming each Super Bowl game with Roman numerals (under which the game would have been known as ""Super Bowl L""), so that the logo could prominently feature the Arabic numerals 50.","February 7, 2016 | February 7","February 7, 2016",1,,0.9395899336207476,answer_mean,benchmark-squad100-smollm2-360m-answermean-20260604T1632Z,
squad-validation-7,squad_validation_100_context,train,What is the AFC short for?,"Super Bowl 50 was an American football game to determine the champion of the National Football League (NFL) for the 2015 season. The American Football Conference (AFC) champion Denver Broncos defeated the National Football Conference (NFC) champion Carolina Panthers 24–10 to earn their third Super Bowl title. The game was played on February 7, 2016, at Levi's Stadium in the San Francisco Bay Area at Santa Clara, California. As this was the 50th Super Bowl, the league emphasized the ""golden anniversary"" with various gold-themed initiatives, as well as temporarily suspending the tradition of naming each Super Bowl game with Roman numerals (under which the game would have been known as ""Super Bowl L""), so that the logo could prominently feature the Arabic numerals 50.",American Football Conference,AFC,0,,0.9315452230137194,answer_mean,benchmark-squad100-smollm2-360m-answermean-20260604T1632Z,
squad-validation-8,squad_validation_100_context,train,What was the theme of Super Bowl 50?,"Super Bowl 50 was an American football game to determine the champion of the National Football League (NFL) for the 2015 season. The American Football Conference (AFC) champion Denver Broncos defeated the National Football Conference (NFC) champion Carolina Panthers 24–10 to earn their third Super Bowl title. The game was played on February 7, 2016, at Levi's Stadium in the San Francisco Bay Area at Santa Clara, California. As this was the 50th Super Bowl, the league emphasized the ""golden anniversary"" with various gold-themed initiatives, as well as temporarily suspending the tradition of naming each Super Bowl game with Roman numerals (under which the game would have been known as ""Super Bowl L""), so that the logo could prominently feature the Arabic numerals 50.","""golden anniversary"" | gold-themed | gold","The theme of Super Bowl 50 was ""Super Bowl L.""",0,,0.7999795340080219,answer_mean,benchmark-squad100-smollm2-360m-answermean-20260604T1632Z,
squad-validation-9,squad_validation_100_context,train,What does AFC stand for?,"Super Bowl 50 was an American football game to determine the champion of the National Football League (NFL) for the 2015 season. The American Football Conference (AFC) champion Denver Broncos defeated the National Football Conference (NFC) champion Carolina Panthers 24–10 to earn their third Super Bowl title. The game was played on February 7, 2016, at Levi's Stadium in the San Francisco Bay Area at Santa Clara, California. As this was the 50th Super Bowl, the league emphasized the ""golden anniversary"" with various gold-themed initiatives, as well as temporarily suspending the tradition of naming each Super Bowl game with Roman numerals (under which the game would have been known as ""Super Bowl L""), so that the logo could prominently feature the Arabic numerals 50.",American Football Conference,AFC,0,,0.9271002065653906,answer_mean,benchmark-squad100-smollm2-360m-answermean-20260604T1632Z,
squad-validation-10,squad_validation_100_context,train,What day was the Super Bowl played on?,"Super Bowl 50 was an American football game to determine the champion of the National Football League (NFL) for the 2015 season. The American Football Conference (AFC) champion Denver Broncos defeated the National Football Conference (NFC) champion Carolina Panthers 24–10 to earn their third Super Bowl title. The game was played on February 7, 2016, at Levi's Stadium in the San Francisco Bay Area at Santa Clara, California. As this was the 50th Super Bowl, the league emphasized the ""golden anniversary"" with various gold-themed initiatives, as well as temporarily suspending the tradition of naming each Super Bowl game with Roman numerals (under which the game would have been known as ""Super Bowl L""), so that the logo could prominently feature the Arabic numerals 50.","February 7, 2016 | February 7","February 7, 2016",1,,0.934170376062257,answer_mean,benchmark-squad100-smollm2-360m-answermean-20260604T1632Z,
squad-validation-11,squad_validation_100_context,test,Who won Super Bowl 50?,"Super Bowl 50 was an American football game to determine the champion of the National Football League (NFL) for the 2015 season. The American Football Conference (AFC) champion Denver Broncos defeated the National Football Conference (NFC) champion Carolina Panthers 24–10 to earn their third Super Bowl title. The game was played on February 7, 2016, at Levi's Stadium in the San Francisco Bay Area at Santa Clara, California. As this was the 50th Super Bowl, the league emphasized the ""golden anniversary"" with various gold-themed initiatives, as well as temporarily suspending the tradition of naming each Super Bowl game with Roman numerals (under which the game would have been known as ""Super Bowl L""), so that the logo could prominently feature the Arabic numerals 50.",Denver Broncos,Denver Broncos,1,,0.8449508923561121,answer_mean,benchmark-squad100-smollm2-360m-answermean-20260604T1632Z,
squad-validation-12,squad_validation_100_context,train,What venue did Super Bowl 50 take place in?,"Super Bowl 50 was an American football game to determine the champion of the National Football League (NFL) for the 2015 season. The American Football Conference (AFC) champion Denver Broncos defeated the National Football Conference (NFC) champion Carolina Panthers 24–10 to earn their third Super Bowl title. The game was played on February 7, 2016, at Levi's Stadium in the San Francisco Bay Area at Santa Clara, California. As this was the 50th Super Bowl, the league emphasized the ""golden anniversary"" with various gold-themed initiatives, as well as temporarily suspending the tradition of naming each Super Bowl game with Roman numerals (under which the game would have been known as ""Super Bowl L""), so that the logo could prominently feature the Arabic numerals 50.",Levi's Stadium | Levi's Stadium in the San Francisco Bay Area at Santa Clara,"Levi's Stadium in the San Francisco Bay Area at Santa Clara, California",1,,0.9056173574713728,answer_mean,benchmark-squad100-smollm2-360m-answermean-20260604T1632Z,
squad-validation-13,squad_validation_100_context,test,What city did Super Bowl 50 take place in?,"Super Bowl 50 was an American football game to determine the champion of the National Football League (NFL) for the 2015 season. The American Football Conference (AFC) champion Denver Broncos defeated the National Football Conference (NFC) champion Carolina Panthers 24–10 to earn their third Super Bowl title. The game was played on February 7, 2016, at Levi's Stadium in the San Francisco Bay Area at Santa Clara, California. As this was the 50th Super Bowl, the league emphasized the ""golden anniversary"" with various gold-themed initiatives, as well as temporarily suspending the tradition of naming each Super Bowl game with Roman numerals (under which the game would have been known as ""Super Bowl L""), so that the logo could prominently feature the Arabic numerals 50.",Santa Clara,Super Bowl L,0,,0.641495701929717,answer_mean,benchmark-squad100-smollm2-360m-answermean-20260604T1632Z,
squad-validation-14,squad_validation_100_context,test,"If Roman numerals were used, what would Super Bowl 50 have been called?","Super Bowl 50 was an American football game to determine the champion of the National Football League (NFL) for the 2015 season. The American Football Conference (AFC) champion Denver Broncos defeated the National Football Conference (NFC) champion Carolina Panthers 24–10 to earn their third Super Bowl title. The game was played on February 7, 2016, at Levi's Stadium in the San Francisco Bay Area at Santa Clara, California. As this was the 50th Super Bowl, the league emphasized the ""golden anniversary"" with various gold-themed initiatives, as well as temporarily suspending the tradition of naming each Super Bowl game with Roman numerals (under which the game would have been known as ""Super Bowl L""), so that the logo could prominently feature the Arabic numerals 50.",Super Bowl L | L,Super Bowl L,1,,0.7765850111651791,answer_mean,benchmark-squad100-smollm2-360m-answermean-20260604T1632Z,
squad-validation-15,squad_validation_100_context,train,Super Bowl 50 decided the NFL champion for what season?,"Super Bowl 50 was an American football game to determine the champion of the National Football League (NFL) for the 2015 season. The American Football Conference (AFC) champion Denver Broncos defeated the National Football Conference (NFC) champion Carolina Panthers 24–10 to earn their third Super Bowl title. The game was played on February 7, 2016, at Levi's Stadium in the San Francisco Bay Area at Santa Clara, California. As this was the 50th Super Bowl, the league emphasized the ""golden anniversary"" with various gold-themed initiatives, as well as temporarily suspending the tradition of naming each Super Bowl game with Roman numerals (under which the game would have been known as ""Super Bowl L""), so that the logo could prominently feature the Arabic numerals 50.",2015 | the 2015 season,Super Bowl 50 decided the NFL champion for the 2015,1,,0.9118024523470548,answer_mean,benchmark-squad100-smollm2-360m-answermean-20260604T1632Z,
squad-validation-16,squad_validation_100_context,train,What year did the Denver Broncos secure a Super Bowl title for the third time?,"Super Bowl 50 was an American football game to determine the champion of the National Football League (NFL) for the 2015 season. The American Football Conference (AFC) champion Denver Broncos defeated the National Football Conference (NFC) champion Carolina Panthers 24–10 to earn their third Super Bowl title. The game was played on February 7, 2016, at Levi's Stadium in the San Francisco Bay Area at Santa Clara, California. As this was the 50th Super Bowl, the league emphasized the ""golden anniversary"" with various gold-themed initiatives, as well as temporarily suspending the tradition of naming each Super Bowl game with Roman numerals (under which the game would have been known as ""Super Bowl L""), so that the logo could prominently feature the Arabic numerals 50.",2015 | 2016,2016,1,,0.7952958000218414,answer_mean,benchmark-squad100-smollm2-360m-answermean-20260604T1632Z,
squad-validation-17,squad_validation_100_context,test,What city did Super Bowl 50 take place in?,"Super Bowl 50 was an American football game to determine the champion of the National Football League (NFL) for the 2015 season. The American Football Conference (AFC) champion Denver Broncos defeated the National Football Conference (NFC) champion Carolina Panthers 24–10 to earn their third Super Bowl title. The game was played on February 7, 2016, at Levi's Stadium in the San Francisco Bay Area at Santa Clara, California. As this was the 50th Super Bowl, the league emphasized the ""golden anniversary"" with various gold-themed initiatives, as well as temporarily suspending the tradition of naming each Super Bowl game with Roman numerals (under which the game would have been known as ""Super Bowl L""), so that the logo could prominently feature the Arabic numerals 50.",Santa Clara,Super Bowl L,0,,0.641495701929717,answer_mean,benchmark-squad100-smollm2-360m-answermean-20260604T1632Z,
squad-validation-18,squad_validation_100_context,train,What stadium did Super Bowl 50 take place in?,"Super Bowl 50 was an American football game to determine the champion of the National Football League (NFL) for the 2015 season. The American Football Conference (AFC) champion Denver Broncos defeated the National Football Conference (NFC) champion Carolina Panthers 24–10 to earn their third Super Bowl title. The game was played on February 7, 2016, at Levi's Stadium in the San Francisco Bay Area at Santa Clara, California. As this was the 50th Super Bowl, the league emphasized the ""golden anniversary"" with various gold-themed initiatives, as well as temporarily suspending the tradition of naming each Super Bowl game with Roman numerals (under which the game would have been known as ""Super Bowl L""), so that the logo could prominently feature the Arabic numerals 50.",Levi's Stadium,"Levi's Stadium in the San Francisco Bay Area at Santa Clara, California",1,,0.8957908272343685,answer_mean,benchmark-squad100-smollm2-360m-answermean-20260604T1632Z,
squad-validation-19,squad_validation_100_context,validation,What was the final score of Super Bowl 50?,"Super Bowl 50 was an American football game to determine the champion of the National Football League (NFL) for the 2015 season. The American Football Conference (AFC) champion Denver Broncos defeated the National Football Conference (NFC) champion Carolina Panthers 24–10 to earn their third Super Bowl title. The game was played on February 7, 2016, at Levi's Stadium in the San Francisco Bay Area at Santa Clara, California. As this was the 50th Super Bowl, the league emphasized the ""golden anniversary"" with various gold-themed initiatives, as well as temporarily suspending the tradition of naming each Super Bowl game with Roman numerals (under which the game would have been known as ""Super Bowl L""), so that the logo could prominently feature the Arabic numerals 50.",24–10,24-10,1,,0.8030493950419091,answer_mean,benchmark-squad100-smollm2-360m-answermean-20260604T1632Z,
squad-validation-20,squad_validation_100_context,validation,"What month, day and year did Super Bowl 50 take place?","Super Bowl 50 was an American football game to determine the champion of the National Football League (NFL) for the 2015 season. The American Football Conference (AFC) champion Denver Broncos defeated the National Football Conference (NFC) champion Carolina Panthers 24–10 to earn their third Super Bowl title. The game was played on February 7, 2016, at Levi's Stadium in the San Francisco Bay Area at Santa Clara, California. As this was the 50th Super Bowl, the league emphasized the ""golden anniversary"" with various gold-themed initiatives, as well as temporarily suspending the tradition of naming each Super Bowl game with Roman numerals (under which the game would have been known as ""Super Bowl L""), so that the logo could prominently feature the Arabic numerals 50.","February 7, 2016","February 7, 2016",1,,0.9335208928221286,answer_mean,benchmark-squad100-smollm2-360m-answermean-20260604T1632Z,
squad-validation-21,squad_validation_100_context,train,What year was Super Bowl 50?,"Super Bowl 50 was an American football game to determine the champion of the National Football League (NFL) for the 2015 season. The American Football Conference (AFC) champion Denver Broncos defeated the National Football Conference (NFC) champion Carolina Panthers 24–10 to earn their third Super Bowl title. The game was played on February 7, 2016, at Levi's Stadium in the San Francisco Bay Area at Santa Clara, California. As this was the 50th Super Bowl, the league emphasized the ""golden anniversary"" with various gold-themed initiatives, as well as temporarily suspending the tradition of naming each Super Bowl game with Roman numerals (under which the game would have been known as ""Super Bowl L""), so that the logo could prominently feature the Arabic numerals 50.",2015 | 2016,"Super Bowl 50 was played on February 7, 201",0,,0.8987441723285424,answer_mean,benchmark-squad100-smollm2-360m-answermean-20260604T1632Z,
squad-validation-22,squad_validation_100_context,train,What team was the AFC champion?,"Super Bowl 50 was an American football game to determine the champion of the National Football League (NFL) for the 2015 season. The American Football Conference (AFC) champion Denver Broncos defeated the National Football Conference (NFC) champion Carolina Panthers 24–10 to earn their third Super Bowl title. The game was played on February 7, 2016, at Levi's Stadium in the San Francisco Bay Area at Santa Clara, California. As this was the 50th Super Bowl, the league emphasized the ""golden anniversary"" with various gold-themed initiatives, as well as temporarily suspending the tradition of naming each Super Bowl game with Roman numerals (under which the game would have been known as ""Super Bowl L""), so that the logo could prominently feature the Arabic numerals 50.",Denver Broncos,Denver Broncos,1,,0.7566856200744323,answer_mean,benchmark-squad100-smollm2-360m-answermean-20260604T1632Z,
squad-validation-23,squad_validation_100_context,train,What team was the NFC champion?,"Super Bowl 50 was an American football game to determine the champion of the National Football League (NFL) for the 2015 season. The American Football Conference (AFC) champion Denver Broncos defeated the National Football Conference (NFC) champion Carolina Panthers 24–10 to earn their third Super Bowl title. The game was played on February 7, 2016, at Levi's Stadium in the San Francisco Bay Area at Santa Clara, California. As this was the 50th Super Bowl, the league emphasized the ""golden anniversary"" with various gold-themed initiatives, as well as temporarily suspending the tradition of naming each Super Bowl game with Roman numerals (under which the game would have been known as ""Super Bowl L""), so that the logo could prominently feature the Arabic numerals 50.",Carolina Panthers,Denver Broncos,0,,0.71046538371832,answer_mean,benchmark-squad100-smollm2-360m-answermean-20260604T1632Z,
squad-validation-24,squad_validation_100_context,train,Who won Super Bowl 50?,"Super Bowl 50 was an American football game to determine the champion of the National Football League (NFL) for the 2015 season. The American Football Conference (AFC) champion Denver Broncos defeated the National Football Conference (NFC) champion Carolina Panthers 24–10 to earn their third Super Bowl title. The game was played on February 7, 2016, at Levi's Stadium in the San Francisco Bay Area at Santa Clara, California. As this was the 50th Super Bowl, the league emphasized the ""golden anniversary"" with various gold-themed initiatives, as well as temporarily suspending the tradition of naming each Super Bowl game with Roman numerals (under which the game would have been known as ""Super Bowl L""), so that the logo could prominently feature the Arabic numerals 50.",Denver Broncos,Denver Broncos,1,,0.8449508923561121,answer_mean,benchmark-squad100-smollm2-360m-answermean-20260604T1632Z,
squad-validation-25,squad_validation_100_context,validation,Super Bowl 50 determined the NFL champion for what season?,"Super Bowl 50 was an American football game to determine the champion of the National Football League (NFL) for the 2015 season. The American Football Conference (AFC) champion Denver Broncos defeated the National Football Conference (NFC) champion Carolina Panthers 24–10 to earn their third Super Bowl title. The game was played on February 7, 2016, at Levi's Stadium in the San Francisco Bay Area at Santa Clara, California. As this was the 50th Super Bowl, the league emphasized the ""golden anniversary"" with various gold-themed initiatives, as well as temporarily suspending the tradition of naming each Super Bowl game with Roman numerals (under which the game would have been known as ""Super Bowl L""), so that the logo could prominently feature the Arabic numerals 50.",2015 | the 2015 season,Super Bowl 50 determined the NFL champion for the 2015,1,,0.9614266507178169,answer_mean,benchmark-squad100-smollm2-360m-answermean-20260604T1632Z,
squad-validation-26,squad_validation_100_context,train,Which team won Super Bowl 50.,"Super Bowl 50 was an American football game to determine the champion of the National Football League (NFL) for the 2015 season. The American Football Conference (AFC) champion Denver Broncos defeated the National Football Conference (NFC) champion Carolina Panthers 24–10 to earn their third Super Bowl title. The game was played on February 7, 2016, at Levi's Stadium in the San Francisco Bay Area at Santa Clara, California. As this was the 50th Super Bowl, the league emphasized the ""golden anniversary"" with various gold-themed initiatives, as well as temporarily suspending the tradition of naming each Super Bowl game with Roman numerals (under which the game would have been known as ""Super Bowl L""), so that the logo could prominently feature the Arabic numerals 50.",Denver Broncos,Denver Broncos,1,,0.7790129568163898,answer_mean,benchmark-squad100-smollm2-360m-answermean-20260604T1632Z,
squad-validation-27,squad_validation_100_context,test,Where was Super Bowl 50 held?,"Super Bowl 50 was an American football game to determine the champion of the National Football League (NFL) for the 2015 season. The American Football Conference (AFC) champion Denver Broncos defeated the National Football Conference (NFC) champion Carolina Panthers 24–10 to earn their third Super Bowl title. The game was played on February 7, 2016, at Levi's Stadium in the San Francisco Bay Area at Santa Clara, California. As this was the 50th Super Bowl, the league emphasized the ""golden anniversary"" with various gold-themed initiatives, as well as temporarily suspending the tradition of naming each Super Bowl game with Roman numerals (under which the game would have been known as ""Super Bowl L""), so that the logo could prominently feature the Arabic numerals 50.","Santa Clara, California. | Levi's Stadium","Levi's Stadium in the San Francisco Bay Area at Santa Clara, California",1,,0.9326104512351518,answer_mean,benchmark-squad100-smollm2-360m-answermean-20260604T1632Z,
squad-validation-28,squad_validation_100_context,test,The name of the NFL championship game is?,"Super Bowl 50 was an American football game to determine the champion of the National Football League (NFL) for the 2015 season. The American Football Conference (AFC) champion Denver Broncos defeated the National Football Conference (NFC) champion Carolina Panthers 24–10 to earn their third Super Bowl title. The game was played on February 7, 2016, at Levi's Stadium in the San Francisco Bay Area at Santa Clara, California. As this was the 50th Super Bowl, the league emphasized the ""golden anniversary"" with various gold-themed initiatives, as well as temporarily suspending the tradition of naming each Super Bowl game with Roman numerals (under which the game would have been known as ""Super Bowl L""), so that the logo could prominently feature the Arabic numerals 50.",Super Bowl,Super Bowl 50,1,,0.8263838095995498,answer_mean,benchmark-squad100-smollm2-360m-answermean-20260604T1632Z,
squad-validation-29,squad_validation_100_context,test,What 2015 NFL team one the AFC playoff?,"Super Bowl 50 was an American football game to determine the champion of the National Football League (NFL) for the 2015 season. The American Football Conference (AFC) champion Denver Broncos defeated the National Football Conference (NFC) champion Carolina Panthers 24–10 to earn their third Super Bowl title. The game was played on February 7, 2016, at Levi's Stadium in the San Francisco Bay Area at Santa Clara, California. As this was the 50th Super Bowl, the league emphasized the ""golden anniversary"" with various gold-themed initiatives, as well as temporarily suspending the tradition of naming each Super Bowl game with Roman numerals (under which the game would have been known as ""Super Bowl L""), so that the logo could prominently feature the Arabic numerals 50.",Denver Broncos,Denver Broncos,1,,0.8151577512991222,answer_mean,benchmark-squad100-smollm2-360m-answermean-20260604T1632Z,
squad-validation-30,squad_validation_100_context,train,Which Carolina Panthers player was named Most Valuable Player?,"The Panthers finished the regular season with a 15–1 record, and quarterback Cam Newton was named the NFL Most Valuable Player (MVP). They defeated the Arizona Cardinals 49–15 in the NFC Championship Game and advanced to their second Super Bowl appearance since the franchise was founded in 1995. The Broncos finished the regular season with a 12–4 record, and denied the New England Patriots a chance to defend their title from Super Bowl XLIX by defeating them 20–18 in the AFC Championship Game. They joined the Patriots, Dallas Cowboys, and Pittsburgh Steelers as one of four teams that have made eight appearances in the Super Bowl.",Cam Newton,Cam Newton,1,,0.9616458297488655,answer_mean,benchmark-squad100-smollm2-360m-answermean-20260604T1632Z,
squad-validation-31,squad_validation_100_context,test,How many appearances have the Denver Broncos made in the Super Bowl?,"The Panthers finished the regular season with a 15–1 record, and quarterback Cam Newton was named the NFL Most Valuable Player (MVP). They defeated the Arizona Cardinals 49–15 in the NFC Championship Game and advanced to their second Super Bowl appearance since the franchise was founded in 1995. The Broncos finished the regular season with a 12–4 record, and denied the New England Patriots a chance to defend their title from Super Bowl XLIX by defeating them 20–18 in the AFC Championship Game. They joined the Patriots, Dallas Cowboys, and Pittsburgh Steelers as one of four teams that have made eight appearances in the Super Bowl.",8 | eight,12,0,,0.5213702745746213,answer_mean,benchmark-squad100-smollm2-360m-answermean-20260604T1632Z,
squad-validation-32,squad_validation_100_context,train,What year was the Carolina Panthers franchise founded?,"The Panthers finished the regular season with a 15–1 record, and quarterback Cam Newton was named the NFL Most Valuable Player (MVP). They defeated the Arizona Cardinals 49–15 in the NFC Championship Game and advanced to their second Super Bowl appearance since the franchise was founded in 1995. The Broncos finished the regular season with a 12–4 record, and denied the New England Patriots a chance to defend their title from Super Bowl XLIX by defeating them 20–18 in the AFC Championship Game. They joined the Patriots, Dallas Cowboys, and Pittsburgh Steelers as one of four teams that have made eight appearances in the Super Bowl.",1995,1995,1,,0.8194592563662955,answer_mean,benchmark-squad100-smollm2-360m-answermean-20260604T1632Z,
squad-validation-33,squad_validation_100_context,train,What team did the Panthers defeat?,"The Panthers finished the regular season with a 15–1 record, and quarterback Cam Newton was named the NFL Most Valuable Player (MVP). They defeated the Arizona Cardinals 49–15 in the NFC Championship Game and advanced to their second Super Bowl appearance since the franchise was founded in 1995. The Broncos finished the regular season with a 12–4 record, and denied the New England Patriots a chance to defend their title from Super Bowl XLIX by defeating them 20–18 in the AFC Championship Game. They joined the Patriots, Dallas Cowboys, and Pittsburgh Steelers as one of four teams that have made eight appearances in the Super Bowl.",Arizona Cardinals | the Arizona Cardinals,The Panthers defeated the Arizona Cardinals.,1,,0.8460347617806296,answer_mean,benchmark-squad100-smollm2-360m-answermean-20260604T1632Z,
squad-validation-34,squad_validation_100_context,train,Who did the Broncos prevent from going to the Super Bowl?,"The Panthers finished the regular season with a 15–1 record, and quarterback Cam Newton was named the NFL Most Valuable Player (MVP). They defeated the Arizona Cardinals 49–15 in the NFC Championship Game and advanced to their second Super Bowl appearance since the franchise was founded in 1995. The Broncos finished the regular season with a 12–4 record, and denied the New England Patriots a chance to defend their title from Super Bowl XLIX by defeating them 20–18 in the AFC Championship Game. They joined the Patriots, Dallas Cowboys, and Pittsburgh Steelers as one of four teams that have made eight appearances in the Super Bowl.",New England Patriots | the New England Patriots,The Broncos prevented the New England Patriots from going to the Super Bowl.,1,,0.9419431256642294,answer_mean,benchmark-squad100-smollm2-360m-answermean-20260604T1632Z,
squad-validation-35,squad_validation_100_context,test,Who did the Panthers beat in the NFC Championship Game?,"The Panthers finished the regular season with a 15–1 record, and quarterback Cam Newton was named the NFL Most Valuable Player (MVP). They defeated the Arizona Cardinals 49–15 in the NFC Championship Game and advanced to their second Super Bowl appearance since the franchise was founded in 1995. The Broncos finished the regular season with a 12–4 record, and denied the New England Patriots a chance to defend their title from Super Bowl XLIX by defeating them 20–18 in the AFC Championship Game. They joined the Patriots, Dallas Cowboys, and Pittsburgh Steelers as one of four teams that have made eight appearances in the Super Bowl.",Arizona Cardinals | the Arizona Cardinals,The Panthers beat the Arizona Cardinals in the NFC Championship Game.,1,,0.9493504661331442,answer_mean,benchmark-squad100-smollm2-360m-answermean-20260604T1632Z,
squad-validation-36,squad_validation_100_context,train,Who lost to the Broncos in the AFC Championship?,"The Panthers finished the regular season with a 15–1 record, and quarterback Cam Newton was named the NFL Most Valuable Player (MVP). They defeated the Arizona Cardinals 49–15 in the NFC Championship Game and advanced to their second Super Bowl appearance since the franchise was founded in 1995. The Broncos finished the regular season with a 12–4 record, and denied the New England Patriots a chance to defend their title from Super Bowl XLIX by defeating them 20–18 in the AFC Championship Game. They joined the Patriots, Dallas Cowboys, and Pittsburgh Steelers as one of four teams that have made eight appearances in the Super Bowl.",New England Patriots | the New England Patriots,The Broncos lost to the New England Patriots in the AFC Championship,1,,0.8675916173358115,answer_mean,benchmark-squad100-smollm2-360m-answermean-20260604T1632Z,
squad-validation-37,squad_validation_100_context,train,Who were the defending Super Bowl champions?,"The Panthers finished the regular season with a 15–1 record, and quarterback Cam Newton was named the NFL Most Valuable Player (MVP). They defeated the Arizona Cardinals 49–15 in the NFC Championship Game and advanced to their second Super Bowl appearance since the franchise was founded in 1995. The Broncos finished the regular season with a 12–4 record, and denied the New England Patriots a chance to defend their title from Super Bowl XLIX by defeating them 20–18 in the AFC Championship Game. They joined the Patriots, Dallas Cowboys, and Pittsburgh Steelers as one of four teams that have made eight appearances in the Super Bowl.",New England Patriots | the New England Patriots,The defending Super Bowl champions were the New England Patriots.,1,,0.8306967561485975,answer_mean,benchmark-squad100-smollm2-360m-answermean-20260604T1632Z,
squad-validation-38,squad_validation_100_context,train,How many teams have been in the Super Bowl eight times?,"The Panthers finished the regular season with a 15–1 record, and quarterback Cam Newton was named the NFL Most Valuable Player (MVP). They defeated the Arizona Cardinals 49–15 in the NFC Championship Game and advanced to their second Super Bowl appearance since the franchise was founded in 1995. The Broncos finished the regular season with a 12–4 record, and denied the New England Patriots a chance to defend their title from Super Bowl XLIX by defeating them 20–18 in the AFC Championship Game. They joined the Patriots, Dallas Cowboys, and Pittsburgh Steelers as one of four teams that have made eight appearances in the Super Bowl.",four,The Panthers.,0,,0.5413867347099525,answer_mean,benchmark-squad100-smollm2-360m-answermean-20260604T1632Z,
squad-validation-39,squad_validation_100_context,train,Who was this season's NFL MVP?,"The Panthers finished the regular season with a 15–1 record, and quarterback Cam Newton was named the NFL Most Valuable Player (MVP). They defeated the Arizona Cardinals 49–15 in the NFC Championship Game and advanced to their second Super Bowl appearance since the franchise was founded in 1995. The Broncos finished the regular season with a 12–4 record, and denied the New England Patriots a chance to defend their title from Super Bowl XLIX by defeating them 20–18 in the AFC Championship Game. They joined the Patriots, Dallas Cowboys, and Pittsburgh Steelers as one of four teams that have made eight appearances in the Super Bowl.",Cam Newton,Cam Newton,1,,0.9809109148249184,answer_mean,benchmark-squad100-smollm2-360m-answermean-20260604T1632Z,
squad-validation-40,squad_validation_100_context,train,What was the win/loss ratio in 2015 for the Carolina Panthers during their regular season?,"The Panthers finished the regular season with a 15–1 record, and quarterback Cam Newton was named the NFL Most Valuable Player (MVP). They defeated the Arizona Cardinals 49–15 in the NFC Championship Game and advanced to their second Super Bowl appearance since the franchise was founded in 1995. The Broncos finished the regular season with a 12–4 record, and denied the New England Patriots a chance to defend their title from Super Bowl XLIX by defeating them 20–18 in the AFC Championship Game. They joined the Patriots, Dallas Cowboys, and Pittsburgh Steelers as one of four teams that have made eight appearances in the Super Bowl.",15–1,15-1,1,,0.7369472605827784,answer_mean,benchmark-squad100-smollm2-360m-answermean-20260604T1632Z,
squad-validation-41,squad_validation_100_context,train,Which Carolina Panthers team member was picked as the team's MVP in 2015?,"The Panthers finished the regular season with a 15–1 record, and quarterback Cam Newton was named the NFL Most Valuable Player (MVP). They defeated the Arizona Cardinals 49–15 in the NFC Championship Game and advanced to their second Super Bowl appearance since the franchise was founded in 1995. The Broncos finished the regular season with a 12–4 record, and denied the New England Patriots a chance to defend their title from Super Bowl XLIX by defeating them 20–18 in the AFC Championship Game. They joined the Patriots, Dallas Cowboys, and Pittsburgh Steelers as one of four teams that have made eight appearances in the Super Bowl.",Cam Newton,Cam Newton,1,,0.9598247107125834,answer_mean,benchmark-squad100-smollm2-360m-answermean-20260604T1632Z,
squad-validation-42,squad_validation_100_context,train,What were the win/loss game stats for the Denver Bronco's regular season in 2015?,"The Panthers finished the regular season with a 15–1 record, and quarterback Cam Newton was named the NFL Most Valuable Player (MVP). They defeated the Arizona Cardinals 49–15 in the NFC Championship Game and advanced to their second Super Bowl appearance since the franchise was founded in 1995. The Broncos finished the regular season with a 12–4 record, and denied the New England Patriots a chance to defend their title from Super Bowl XLIX by defeating them 20–18 in the AFC Championship Game. They joined the Patriots, Dallas Cowboys, and Pittsburgh Steelers as one of four teams that have made eight appearances in the Super Bowl.",12–4,15-1,0,,0.644699211937864,answer_mean,benchmark-squad100-smollm2-360m-answermean-20260604T1632Z,
squad-validation-43,squad_validation_100_context,validation,How many teams have played in the Super Bowl eight times?,"The Panthers finished the regular season with a 15–1 record, and quarterback Cam Newton was named the NFL Most Valuable Player (MVP). They defeated the Arizona Cardinals 49–15 in the NFC Championship Game and advanced to their second Super Bowl appearance since the franchise was founded in 1995. The Broncos finished the regular season with a 12–4 record, and denied the New England Patriots a chance to defend their title from Super Bowl XLIX by defeating them 20–18 in the AFC Championship Game. They joined the Patriots, Dallas Cowboys, and Pittsburgh Steelers as one of four teams that have made eight appearances in the Super Bowl.",4 | four,The Panthers.,0,,0.5356253303983153,answer_mean,benchmark-squad100-smollm2-360m-answermean-20260604T1632Z,
squad-validation-44,squad_validation_100_context,train,Which team did not get a chance to defend their Super Bowl XLIX win in Super Bowl 50?,"The Panthers finished the regular season with a 15–1 record, and quarterback Cam Newton was named the NFL Most Valuable Player (MVP). They defeated the Arizona Cardinals 49–15 in the NFC Championship Game and advanced to their second Super Bowl appearance since the franchise was founded in 1995. The Broncos finished the regular season with a 12–4 record, and denied the New England Patriots a chance to defend their title from Super Bowl XLIX by defeating them 20–18 in the AFC Championship Game. They joined the Patriots, Dallas Cowboys, and Pittsburgh Steelers as one of four teams that have made eight appearances in the Super Bowl.",New England Patriots | the New England Patriots,The Broncos.,0,,0.6851138339651263,answer_mean,benchmark-squad100-smollm2-360m-answermean-20260604T1632Z,
squad-validation-45,squad_validation_100_context,train,Who is the quarterback for the Panthers?,"The Panthers finished the regular season with a 15–1 record, and quarterback Cam Newton was named the NFL Most Valuable Player (MVP). They defeated the Arizona Cardinals 49–15 in the NFC Championship Game and advanced to their second Super Bowl appearance since the franchise was founded in 1995. The Broncos finished the regular season with a 12–4 record, and denied the New England Patriots a chance to defend their title from Super Bowl XLIX by defeating them 20–18 in the AFC Championship Game. They joined the Patriots, Dallas Cowboys, and Pittsburgh Steelers as one of four teams that have made eight appearances in the Super Bowl.",Cam Newton,Cam Newton,1,,0.9723427887443646,answer_mean,benchmark-squad100-smollm2-360m-answermean-20260604T1632Z,
squad-validation-46,squad_validation_100_context,train,Who did Carolina beat in the NFC championship game?,"The Panthers finished the regular season with a 15–1 record, and quarterback Cam Newton was named the NFL Most Valuable Player (MVP). They defeated the Arizona Cardinals 49–15 in the NFC Championship Game and advanced to their second Super Bowl appearance since the franchise was founded in 1995. The Broncos finished the regular season with a 12–4 record, and denied the New England Patriots a chance to defend their title from Super Bowl XLIX by defeating them 20–18 in the AFC Championship Game. They joined the Patriots, Dallas Cowboys, and Pittsburgh Steelers as one of four teams that have made eight appearances in the Super Bowl.",Arizona Cardinals | the Arizona Cardinals,Carolina beat the Arizona Cardinals in the NFC Championship Game.,1,,0.9089985042338289,answer_mean,benchmark-squad100-smollm2-360m-answermean-20260604T1632Z,
squad-validation-47,squad_validation_100_context,train,How many times have the Panthers been in the Super Bowl?,"The Panthers finished the regular season with a 15–1 record, and quarterback Cam Newton was named the NFL Most Valuable Player (MVP). They defeated the Arizona Cardinals 49–15 in the NFC Championship Game and advanced to their second Super Bowl appearance since the franchise was founded in 1995. The Broncos finished the regular season with a 12–4 record, and denied the New England Patriots a chance to defend their title from Super Bowl XLIX by defeating them 20–18 in the AFC Championship Game. They joined the Patriots, Dallas Cowboys, and Pittsburgh Steelers as one of four teams that have made eight appearances in the Super Bowl.",2 | second,15,0,,0.6727913836218559,answer_mean,benchmark-squad100-smollm2-360m-answermean-20260604T1632Z,
squad-validation-48,squad_validation_100_context,train,Who did Denver beat in the AFC championship?,"The Panthers finished the regular season with a 15–1 record, and quarterback Cam Newton was named the NFL Most Valuable Player (MVP). They defeated the Arizona Cardinals 49–15 in the NFC Championship Game and advanced to their second Super Bowl appearance since the franchise was founded in 1995. The Broncos finished the regular season with a 12–4 record, and denied the New England Patriots a chance to defend their title from Super Bowl XLIX by defeating them 20–18 in the AFC Championship Game. They joined the Patriots, Dallas Cowboys, and Pittsburgh Steelers as one of four teams that have made eight appearances in the Super Bowl.",New England Patriots | the New England Patriots,Denver.,0,,0.7360404903103418,answer_mean,benchmark-squad100-smollm2-360m-answermean-20260604T1632Z,
squad-validation-49,squad_validation_100_context,train,Who was the Most Valuable Player for the 2015 NFL season?,"The Panthers finished the regular season with a 15–1 record, and quarterback Cam Newton was named the NFL Most Valuable Player (MVP). They defeated the Arizona Cardinals 49–15 in the NFC Championship Game and advanced to their second Super Bowl appearance since the franchise was founded in 1995. The Broncos finished the regular season with a 12–4 record, and denied the New England Patriots a chance to defend their title from Super Bowl XLIX by defeating them 20–18 in the AFC Championship Game. They joined the Patriots, Dallas Cowboys, and Pittsburgh Steelers as one of four teams that have made eight appearances in the Super Bowl.",Cam Newton,Cam Newton,1,,0.9530195189246863,answer_mean,benchmark-squad100-smollm2-360m-answermean-20260604T1632Z,
squad-validation-50,squad_validation_100_context,train,Who did Denver beat in the 2015 AFC Championship game?,"The Panthers finished the regular season with a 15–1 record, and quarterback Cam Newton was named the NFL Most Valuable Player (MVP). They defeated the Arizona Cardinals 49–15 in the NFC Championship Game and advanced to their second Super Bowl appearance since the franchise was founded in 1995. The Broncos finished the regular season with a 12–4 record, and denied the New England Patriots a chance to defend their title from Super Bowl XLIX by defeating them 20–18 in the AFC Championship Game. They joined the Patriots, Dallas Cowboys, and Pittsburgh Steelers as one of four teams that have made eight appearances in the Super Bowl.",New England Patriots | the New England Patriots,Denver,0,,0.7315122165245456,answer_mean,benchmark-squad100-smollm2-360m-answermean-20260604T1632Z,
squad-validation-51,squad_validation_100_context,train,Who did the Carolina Panthers beat in the 2015 NFC Championship game?,"The Panthers finished the regular season with a 15–1 record, and quarterback Cam Newton was named the NFL Most Valuable Player (MVP). They defeated the Arizona Cardinals 49–15 in the NFC Championship Game and advanced to their second Super Bowl appearance since the franchise was founded in 1995. The Broncos finished the regular season with a 12–4 record, and denied the New England Patriots a chance to defend their title from Super Bowl XLIX by defeating them 20–18 in the AFC Championship Game. They joined the Patriots, Dallas Cowboys, and Pittsburgh Steelers as one of four teams that have made eight appearances in the Super Bowl.",Arizona Cardinals | the Arizona Cardinals,The Carolina Panthers beat the Arizona Cardinals in the NFC Championship Game,1,,0.9097900579690066,answer_mean,benchmark-squad100-smollm2-360m-answermean-20260604T1632Z,
squad-validation-52,squad_validation_100_context,train,Who was the 2015 NFL MVP?,"The Panthers finished the regular season with a 15–1 record, and quarterback Cam Newton was named the NFL Most Valuable Player (MVP). They defeated the Arizona Cardinals 49–15 in the NFC Championship Game and advanced to their second Super Bowl appearance since the franchise was founded in 1995. The Broncos finished the regular season with a 12–4 record, and denied the New England Patriots a chance to defend their title from Super Bowl XLIX by defeating them 20–18 in the AFC Championship Game. They joined the Patriots, Dallas Cowboys, and Pittsburgh Steelers as one of four teams that have made eight appearances in the Super Bowl.",Cam Newton,Cam Newton,1,,0.9633277462376639,answer_mean,benchmark-squad100-smollm2-360m-answermean-20260604T1632Z,
squad-validation-53,squad_validation_100_context,validation,Who did the Panthers beat to become the NFC champs?,"The Panthers finished the regular season with a 15–1 record, and quarterback Cam Newton was named the NFL Most Valuable Player (MVP). They defeated the Arizona Cardinals 49–15 in the NFC Championship Game and advanced to their second Super Bowl appearance since the franchise was founded in 1995. The Broncos finished the regular season with a 12–4 record, and denied the New England Patriots a chance to defend their title from Super Bowl XLIX by defeating them 20–18 in the AFC Championship Game. They joined the Patriots, Dallas Cowboys, and Pittsburgh Steelers as one of four teams that have made eight appearances in the Super Bowl.",Arizona Cardinals | the Arizona Cardinals,The Panthers beat the Arizona Cardinals to become the NFC Championship Game,1,,0.848672373179818,answer_mean,benchmark-squad100-smollm2-360m-answermean-20260604T1632Z,
squad-validation-54,squad_validation_100_context,test,What year did the Carolina Panthers form?,"The Panthers finished the regular season with a 15–1 record, and quarterback Cam Newton was named the NFL Most Valuable Player (MVP). They defeated the Arizona Cardinals 49–15 in the NFC Championship Game and advanced to their second Super Bowl appearance since the franchise was founded in 1995. The Broncos finished the regular season with a 12–4 record, and denied the New England Patriots a chance to defend their title from Super Bowl XLIX by defeating them 20–18 in the AFC Championship Game. They joined the Patriots, Dallas Cowboys, and Pittsburgh Steelers as one of four teams that have made eight appearances in the Super Bowl.",1995. | 1995,1995,1,,0.8168890712776496,answer_mean,benchmark-squad100-smollm2-360m-answermean-20260604T1632Z,
squad-validation-55,squad_validation_100_context,train,Who was the Super Bowl 50 MVP?,"The Broncos took an early lead in Super Bowl 50 and never trailed. Newton was limited by Denver's defense, which sacked him seven times and forced him into three turnovers, including a fumble which they recovered for a touchdown. Denver linebacker Von Miller was named Super Bowl MVP, recording five solo tackles, 2½ sacks, and two forced fumbles.",Von Miller | Miller,The Broncos' Von Miller,1,,0.5356105707089819,answer_mean,benchmark-squad100-smollm2-360m-answermean-20260604T1632Z,
squad-validation-56,squad_validation_100_context,train,How many fumbles did Von Miller force in Super Bowl 50?,"The Broncos took an early lead in Super Bowl 50 and never trailed. Newton was limited by Denver's defense, which sacked him seven times and forced him into three turnovers, including a fumble which they recovered for a touchdown. Denver linebacker Von Miller was named Super Bowl MVP, recording five solo tackles, 2½ sacks, and two forced fumbles.",2 | two,Von Miller forced five fumbles in Super Bowl 50.,0,,0.9043308552231801,answer_mean,benchmark-squad100-smollm2-360m-answermean-20260604T1632Z,
squad-validation-57,squad_validation_100_context,validation,Which team held the scoring lead throughout the entire game?,"The Broncos took an early lead in Super Bowl 50 and never trailed. Newton was limited by Denver's defense, which sacked him seven times and forced him into three turnovers, including a fumble which they recovered for a touchdown. Denver linebacker Von Miller was named Super Bowl MVP, recording five solo tackles, 2½ sacks, and two forced fumbles.",Broncos | The Broncos,The Broncos held the scoring lead throughout the entire game.,1,,0.9065013768695629,answer_mean,benchmark-squad100-smollm2-360m-answermean-20260604T1632Z,
squad-validation-58,squad_validation_100_context,train,Which Denver linebacker was named Super Bowl MVP?,"The Broncos took an early lead in Super Bowl 50 and never trailed. Newton was limited by Denver's defense, which sacked him seven times and forced him into three turnovers, including a fumble which they recovered for a touchdown. Denver linebacker Von Miller was named Super Bowl MVP, recording five solo tackles, 2½ sacks, and two forced fumbles.",linebacker Von Miller | Von Miller | Miller,Von Miller,1,,0.8597331000314894,answer_mean,benchmark-squad100-smollm2-360m-answermean-20260604T1632Z,
squad-validation-59,squad_validation_100_context,train,How many solo tackles did Von Miller make at Super Bowl 50?,"The Broncos took an early lead in Super Bowl 50 and never trailed. Newton was limited by Denver's defense, which sacked him seven times and forced him into three turnovers, including a fumble which they recovered for a touchdown. Denver linebacker Von Miller was named Super Bowl MVP, recording five solo tackles, 2½ sacks, and two forced fumbles.",five solo tackles | five,Von Miller made five solo tackles at Super Bowl 50.,1,,0.9396147974069653,answer_mean,benchmark-squad100-smollm2-360m-answermean-20260604T1632Z,
squad-validation-60,squad_validation_100_context,train,Who was limited by Denver's defense?,"The Broncos took an early lead in Super Bowl 50 and never trailed. Newton was limited by Denver's defense, which sacked him seven times and forced him into three turnovers, including a fumble which they recovered for a touchdown. Denver linebacker Von Miller was named Super Bowl MVP, recording five solo tackles, 2½ sacks, and two forced fumbles.",Newton was limited by Denver's defense | Newton,Denver linebacker Von Miller was limited by Denver's defense.,0,,0.9202486758188815,answer_mean,benchmark-squad100-smollm2-360m-answermean-20260604T1632Z,
squad-validation-61,squad_validation_100_context,train,How many times was Cam Newton sacked?,"The Broncos took an early lead in Super Bowl 50 and never trailed. Newton was limited by Denver's defense, which sacked him seven times and forced him into three turnovers, including a fumble which they recovered for a touchdown. Denver linebacker Von Miller was named Super Bowl MVP, recording five solo tackles, 2½ sacks, and two forced fumbles.",seven,Cam Newton was sacked seven times.,1,,0.7637966637447996,answer_mean,benchmark-squad100-smollm2-360m-answermean-20260604T1632Z,
squad-validation-62,squad_validation_100_context,train,Who won the Super Bowl MVP?,"The Broncos took an early lead in Super Bowl 50 and never trailed. Newton was limited by Denver's defense, which sacked him seven times and forced him into three turnovers, including a fumble which they recovered for a touchdown. Denver linebacker Von Miller was named Super Bowl MVP, recording five solo tackles, 2½ sacks, and two forced fumbles.",Von Miller | The Broncos | Miller,The Broncos.,1,,0.6817185586673329,answer_mean,benchmark-squad100-smollm2-360m-answermean-20260604T1632Z,
squad-validation-63,squad_validation_100_context,train,How many turnovers did Cam Newton have?,"The Broncos took an early lead in Super Bowl 50 and never trailed. Newton was limited by Denver's defense, which sacked him seven times and forced him into three turnovers, including a fumble which they recovered for a touchdown. Denver linebacker Von Miller was named Super Bowl MVP, recording five solo tackles, 2½ sacks, and two forced fumbles.",three,Newton had 3 turnovers.,0,,0.5666087453335955,answer_mean,benchmark-squad100-smollm2-360m-answermean-20260604T1632Z,
squad-validation-64,squad_validation_100_context,test,How many fumbles did Von Miller force?,"The Broncos took an early lead in Super Bowl 50 and never trailed. Newton was limited by Denver's defense, which sacked him seven times and forced him into three turnovers, including a fumble which they recovered for a touchdown. Denver linebacker Von Miller was named Super Bowl MVP, recording five solo tackles, 2½ sacks, and two forced fumbles.",two,Von Miller forced five fumbles.,0,,0.8473714012849031,answer_mean,benchmark-squad100-smollm2-360m-answermean-20260604T1632Z,
squad-validation-65,squad_validation_100_context,train,Who was given the esteemed status of MVP for Super Bowl 50?,"The Broncos took an early lead in Super Bowl 50 and never trailed. Newton was limited by Denver's defense, which sacked him seven times and forced him into three turnovers, including a fumble which they recovered for a touchdown. Denver linebacker Von Miller was named Super Bowl MVP, recording five solo tackles, 2½ sacks, and two forced fumbles.",Von Miller | Miller,Newton,0,,0.4786234167656181,answer_mean,benchmark-squad100-smollm2-360m-answermean-20260604T1632Z,
squad-validation-66,squad_validation_100_context,train,What position does Von Miller play for the Denver Broncos?,"The Broncos took an early lead in Super Bowl 50 and never trailed. Newton was limited by Denver's defense, which sacked him seven times and forced him into three turnovers, including a fumble which they recovered for a touchdown. Denver linebacker Von Miller was named Super Bowl MVP, recording five solo tackles, 2½ sacks, and two forced fumbles.",linebacker,Von Miller plays for the Denver Broncos.,0,,0.783711963734493,answer_mean,benchmark-squad100-smollm2-360m-answermean-20260604T1632Z,
squad-validation-67,squad_validation_100_context,train,What was the number of solo tackles that Von Miller had in Super Bowl 50?,"The Broncos took an early lead in Super Bowl 50 and never trailed. Newton was limited by Denver's defense, which sacked him seven times and forced him into three turnovers, including a fumble which they recovered for a touchdown. Denver linebacker Von Miller was named Super Bowl MVP, recording five solo tackles, 2½ sacks, and two forced fumbles.",5 | five,Von Miller had five solo tackles in Super Bowl 50.,1,,0.9414992387914451,answer_mean,benchmark-squad100-smollm2-360m-answermean-20260604T1632Z,
squad-validation-68,squad_validation_100_context,train,How many forced fumbles did Von Miller have during the Super Bowl 50 game?,"The Broncos took an early lead in Super Bowl 50 and never trailed. Newton was limited by Denver's defense, which sacked him seven times and forced him into three turnovers, including a fumble which they recovered for a touchdown. Denver linebacker Von Miller was named Super Bowl MVP, recording five solo tackles, 2½ sacks, and two forced fumbles.",2 | two,Von Miller had five forced fumbles during the Super Bowl 50 game,0,,0.8935829584285034,answer_mean,benchmark-squad100-smollm2-360m-answermean-20260604T1632Z,
squad-validation-69,squad_validation_100_context,test,Who won the MVP for the Super Bowl?,"The Broncos took an early lead in Super Bowl 50 and never trailed. Newton was limited by Denver's defense, which sacked him seven times and forced him into three turnovers, including a fumble which they recovered for a touchdown. Denver linebacker Von Miller was named Super Bowl MVP, recording five solo tackles, 2½ sacks, and two forced fumbles.",Von Miller,The Broncos won the MVP for the Super Bowl.,0,,0.8756059140684997,answer_mean,benchmark-squad100-smollm2-360m-answermean-20260604T1632Z,
squad-validation-70,squad_validation_100_context,train,How many tackles did Von Miller get during the game?,"The Broncos took an early lead in Super Bowl 50 and never trailed. Newton was limited by Denver's defense, which sacked him seven times and forced him into three turnovers, including a fumble which they recovered for a touchdown. Denver linebacker Von Miller was named Super Bowl MVP, recording five solo tackles, 2½ sacks, and two forced fumbles.",5 | five,Von Miller got five tackles during the game.,1,,0.9271364904321587,answer_mean,benchmark-squad100-smollm2-360m-answermean-20260604T1632Z,
squad-validation-71,squad_validation_100_context,validation,How many times was Cam Newton sacked in Super Bowl 50?,"The Broncos took an early lead in Super Bowl 50 and never trailed. Newton was limited by Denver's defense, which sacked him seven times and forced him into three turnovers, including a fumble which they recovered for a touchdown. Denver linebacker Von Miller was named Super Bowl MVP, recording five solo tackles, 2½ sacks, and two forced fumbles.",seven,Cam Newton was sacked seven times in Super Bowl 50.,1,,0.8657226085137913,answer_mean,benchmark-squad100-smollm2-360m-answermean-20260604T1632Z,
squad-validation-72,squad_validation_100_context,train,How many times did the Denver defense force Newton into turnovers?,"The Broncos took an early lead in Super Bowl 50 and never trailed. Newton was limited by Denver's defense, which sacked him seven times and forced him into three turnovers, including a fumble which they recovered for a touchdown. Denver linebacker Von Miller was named Super Bowl MVP, recording five solo tackles, 2½ sacks, and two forced fumbles.",three,seven,0,,0.48970286219426307,answer_mean,benchmark-squad100-smollm2-360m-answermean-20260604T1632Z,
squad-validation-73,squad_validation_100_context,train,Which Newton turnover resulted in seven points for Denver?,"The Broncos took an early lead in Super Bowl 50 and never trailed. Newton was limited by Denver's defense, which sacked him seven times and forced him into three turnovers, including a fumble which they recovered for a touchdown. Denver linebacker Von Miller was named Super Bowl MVP, recording five solo tackles, 2½ sacks, and two forced fumbles.",a fumble | fumble,Von Miller's fumble which they recovered for a touchdown,1,,0.7451976836314099,answer_mean,benchmark-squad100-smollm2-360m-answermean-20260604T1632Z,
squad-validation-74,squad_validation_100_context,train,Who was the Most Valuable Player of Super Bowl 50?,"The Broncos took an early lead in Super Bowl 50 and never trailed. Newton was limited by Denver's defense, which sacked him seven times and forced him into three turnovers, including a fumble which they recovered for a touchdown. Denver linebacker Von Miller was named Super Bowl MVP, recording five solo tackles, 2½ sacks, and two forced fumbles.",Von Miller,Newton,0,,0.5562463018127121,answer_mean,benchmark-squad100-smollm2-360m-answermean-20260604T1632Z,
squad-validation-75,squad_validation_100_context,test,What position does Von Miller play?,"The Broncos took an early lead in Super Bowl 50 and never trailed. Newton was limited by Denver's defense, which sacked him seven times and forced him into three turnovers, including a fumble which they recovered for a touchdown. Denver linebacker Von Miller was named Super Bowl MVP, recording five solo tackles, 2½ sacks, and two forced fumbles.",linebacker,Von Miller plays linebacker.,1,,0.6807021846752013,answer_mean,benchmark-squad100-smollm2-360m-answermean-20260604T1632Z,
squad-validation-76,squad_validation_100_context,train,How many times was the Panthers' quarterback sacked?,"The Broncos took an early lead in Super Bowl 50 and never trailed. Newton was limited by Denver's defense, which sacked him seven times and forced him into three turnovers, including a fumble which they recovered for a touchdown. Denver linebacker Von Miller was named Super Bowl MVP, recording five solo tackles, 2½ sacks, and two forced fumbles.",seven,The Panthers' quarterback sacked 7 times.,0,,0.6716835682826984,answer_mean,benchmark-squad100-smollm2-360m-answermean-20260604T1632Z,
squad-validation-77,squad_validation_100_context,validation,How many times did the Broncos cause turnovers in the game?,"The Broncos took an early lead in Super Bowl 50 and never trailed. Newton was limited by Denver's defense, which sacked him seven times and forced him into three turnovers, including a fumble which they recovered for a touchdown. Denver linebacker Von Miller was named Super Bowl MVP, recording five solo tackles, 2½ sacks, and two forced fumbles.",three,The Broncos caused turnovers in the game 7 times.,0,,0.6043737061440922,answer_mean,benchmark-squad100-smollm2-360m-answermean-20260604T1632Z,
squad-validation-78,squad_validation_100_context,train,What Denver player caused two fumbles for the Panthers?,"The Broncos took an early lead in Super Bowl 50 and never trailed. Newton was limited by Denver's defense, which sacked him seven times and forced him into three turnovers, including a fumble which they recovered for a touchdown. Denver linebacker Von Miller was named Super Bowl MVP, recording five solo tackles, 2½ sacks, and two forced fumbles.",Von Miller,Von Miller,1,,0.8668190617330277,answer_mean,benchmark-squad100-smollm2-360m-answermean-20260604T1632Z,
squad-validation-79,squad_validation_100_context,validation,How many tackles did Von Miller accomlish by himself in the game?,"The Broncos took an early lead in Super Bowl 50 and never trailed. Newton was limited by Denver's defense, which sacked him seven times and forced him into three turnovers, including a fumble which they recovered for a touchdown. Denver linebacker Von Miller was named Super Bowl MVP, recording five solo tackles, 2½ sacks, and two forced fumbles.",five,Von Miller accomplished five tackles in the game.,1,,0.8390792512338391,answer_mean,benchmark-squad100-smollm2-360m-answermean-20260604T1632Z,
squad-validation-80,squad_validation_100_context,train,Which network broadcasted Super Bowl 50 in the U.S.?,"CBS broadcast Super Bowl 50 in the U.S., and charged an average of $5 million for a 30-second commercial during the game. The Super Bowl 50 halftime show was headlined by the British rock group Coldplay with special guest performers Beyoncé and Bruno Mars, who headlined the Super Bowl XLVII and Super Bowl XLVIII halftime shows, respectively. It was the third-most watched U.S. broadcast ever.",CBS,CBS,1,,0.7965499028220141,answer_mean,benchmark-squad100-smollm2-360m-answermean-20260604T1632Z,
squad-validation-81,squad_validation_100_context,test,What was the average cost for a 30 second commercial during Super Bowl 50?,"CBS broadcast Super Bowl 50 in the U.S., and charged an average of $5 million for a 30-second commercial during the game. The Super Bowl 50 halftime show was headlined by the British rock group Coldplay with special guest performers Beyoncé and Bruno Mars, who headlined the Super Bowl XLVII and Super Bowl XLVIII halftime shows, respectively. It was the third-most watched U.S. broadcast ever.",$5 million,$5 million,1,,0.9319922927292675,answer_mean,benchmark-squad100-smollm2-360m-answermean-20260604T1632Z,
squad-validation-82,squad_validation_100_context,train,Which group headlined the Super Bowl 50 halftime show?,"CBS broadcast Super Bowl 50 in the U.S., and charged an average of $5 million for a 30-second commercial during the game. The Super Bowl 50 halftime show was headlined by the British rock group Coldplay with special guest performers Beyoncé and Bruno Mars, who headlined the Super Bowl XLVII and Super Bowl XLVIII halftime shows, respectively. It was the third-most watched U.S. broadcast ever.",Coldplay,The British rock group Coldplay headlined the Super Bowl 50 halftime,1,,0.9011202026150655,answer_mean,benchmark-squad100-smollm2-360m-answermean-20260604T1632Z,
squad-validation-83,squad_validation_100_context,train,Which performers joined the headliner during the Super Bowl 50 halftime show?,"CBS broadcast Super Bowl 50 in the U.S., and charged an average of $5 million for a 30-second commercial during the game. The Super Bowl 50 halftime show was headlined by the British rock group Coldplay with special guest performers Beyoncé and Bruno Mars, who headlined the Super Bowl XLVII and Super Bowl XLVIII halftime shows, respectively. It was the third-most watched U.S. broadcast ever.",Beyoncé and Bruno Mars,Beyoncé and Bruno Mars.,1,,0.8061267371014507,answer_mean,benchmark-squad100-smollm2-360m-answermean-20260604T1632Z,
squad-validation-84,squad_validation_100_context,validation,At which Super Bowl did Beyonce headline the halftime show?,"CBS broadcast Super Bowl 50 in the U.S., and charged an average of $5 million for a 30-second commercial during the game. The Super Bowl 50 halftime show was headlined by the British rock group Coldplay with special guest performers Beyoncé and Bruno Mars, who headlined the Super Bowl XLVII and Super Bowl XLVIII halftime shows, respectively. It was the third-most watched U.S. broadcast ever.",Super Bowl XLVII | XLVII,Super Bowl XLVII,1,,0.7170918679011186,answer_mean,benchmark-squad100-smollm2-360m-answermean-20260604T1632Z,
squad-validation-85,squad_validation_100_context,train,Who was the broadcaster for Super Bowl 50 in the United States?,"CBS broadcast Super Bowl 50 in the U.S., and charged an average of $5 million for a 30-second commercial during the game. The Super Bowl 50 halftime show was headlined by the British rock group Coldplay with special guest performers Beyoncé and Bruno Mars, who headlined the Super Bowl XLVII and Super Bowl XLVIII halftime shows, respectively. It was the third-most watched U.S. broadcast ever.",CBS,CBS,1,,0.804136964430335,answer_mean,benchmark-squad100-smollm2-360m-answermean-20260604T1632Z,
squad-validation-86,squad_validation_100_context,test,What was the average cost of a 30-second commercial?,"CBS broadcast Super Bowl 50 in the U.S., and charged an average of $5 million for a 30-second commercial during the game. The Super Bowl 50 halftime show was headlined by the British rock group Coldplay with special guest performers Beyoncé and Bruno Mars, who headlined the Super Bowl XLVII and Super Bowl XLVIII halftime shows, respectively. It was the third-most watched U.S. broadcast ever.",$5 million,$5 million,1,,0.8675482900674393,answer_mean,benchmark-squad100-smollm2-360m-answermean-20260604T1632Z,
squad-validation-87,squad_validation_100_context,train,What halftime performer previously headlined Super Bowl XLVII?,"CBS broadcast Super Bowl 50 in the U.S., and charged an average of $5 million for a 30-second commercial during the game. The Super Bowl 50 halftime show was headlined by the British rock group Coldplay with special guest performers Beyoncé and Bruno Mars, who headlined the Super Bowl XLVII and Super Bowl XLVIII halftime shows, respectively. It was the third-most watched U.S. broadcast ever.",Beyoncé,Beyoncé,1,,0.8621664071457578,answer_mean,benchmark-squad100-smollm2-360m-answermean-20260604T1632Z,
squad-validation-88,squad_validation_100_context,test,What halftime performer previously headlined Super Bowl XLVIII?,"CBS broadcast Super Bowl 50 in the U.S., and charged an average of $5 million for a 30-second commercial during the game. The Super Bowl 50 halftime show was headlined by the British rock group Coldplay with special guest performers Beyoncé and Bruno Mars, who headlined the Super Bowl XLVII and Super Bowl XLVIII halftime shows, respectively. It was the third-most watched U.S. broadcast ever.",Bruno Mars | Mars,Beyoncé,0,,0.8420927975334178,answer_mean,benchmark-squad100-smollm2-360m-answermean-20260604T1632Z,
squad-validation-89,squad_validation_100_context,validation,Who was the main performer at this year's halftime show?,"CBS broadcast Super Bowl 50 in the U.S., and charged an average of $5 million for a 30-second commercial during the game. The Super Bowl 50 halftime show was headlined by the British rock group Coldplay with special guest performers Beyoncé and Bruno Mars, who headlined the Super Bowl XLVII and Super Bowl XLVIII halftime shows, respectively. It was the third-most watched U.S. broadcast ever.",Coldplay,Beyoncé,0,,0.7382444139168657,answer_mean,benchmark-squad100-smollm2-360m-answermean-20260604T1632Z,
squad-validation-90,squad_validation_100_context,validation,Which network broadcasted the 50th Super Bowl game?,"CBS broadcast Super Bowl 50 in the U.S., and charged an average of $5 million for a 30-second commercial during the game. The Super Bowl 50 halftime show was headlined by the British rock group Coldplay with special guest performers Beyoncé and Bruno Mars, who headlined the Super Bowl XLVII and Super Bowl XLVIII halftime shows, respectively. It was the third-most watched U.S. broadcast ever.",CBS,CBS,1,,0.7997956541626874,answer_mean,benchmark-squad100-smollm2-360m-answermean-20260604T1632Z,
squad-validation-91,squad_validation_100_context,train,What was the average cost for a TV ad lasting 30 seconds during Super Bowl 50?,"CBS broadcast Super Bowl 50 in the U.S., and charged an average of $5 million for a 30-second commercial during the game. The Super Bowl 50 halftime show was headlined by the British rock group Coldplay with special guest performers Beyoncé and Bruno Mars, who headlined the Super Bowl XLVII and Super Bowl XLVIII halftime shows, respectively. It was the third-most watched U.S. broadcast ever.",$5 million,$5 million,1,,0.9126260678275879,answer_mean,benchmark-squad100-smollm2-360m-answermean-20260604T1632Z,
squad-validation-92,squad_validation_100_context,train,Who was the male singer who performed as a special guest during Super Bowl 50?,"CBS broadcast Super Bowl 50 in the U.S., and charged an average of $5 million for a 30-second commercial during the game. The Super Bowl 50 halftime show was headlined by the British rock group Coldplay with special guest performers Beyoncé and Bruno Mars, who headlined the Super Bowl XLVII and Super Bowl XLVIII halftime shows, respectively. It was the third-most watched U.S. broadcast ever.","Bruno Mars | Bruno Mars,",Beyoncé,0,,0.716042983979521,answer_mean,benchmark-squad100-smollm2-360m-answermean-20260604T1632Z,
squad-validation-93,squad_validation_100_context,validation,What ranking does the Super Bowl 50 halftime show have on the list of most watched TV broadcasts?,"CBS broadcast Super Bowl 50 in the U.S., and charged an average of $5 million for a 30-second commercial during the game. The Super Bowl 50 halftime show was headlined by the British rock group Coldplay with special guest performers Beyoncé and Bruno Mars, who headlined the Super Bowl XLVII and Super Bowl XLVIII halftime shows, respectively. It was the third-most watched U.S. broadcast ever.",third,Super Bowl 50 halftime show has the highest ranking on the list of,0,,0.7040409966576859,answer_mean,benchmark-squad100-smollm2-360m-answermean-20260604T1632Z,
squad-validation-94,squad_validation_100_context,test,What station aired the Super Bowl?,"CBS broadcast Super Bowl 50 in the U.S., and charged an average of $5 million for a 30-second commercial during the game. The Super Bowl 50 halftime show was headlined by the British rock group Coldplay with special guest performers Beyoncé and Bruno Mars, who headlined the Super Bowl XLVII and Super Bowl XLVIII halftime shows, respectively. It was the third-most watched U.S. broadcast ever.",CBS,CBS,1,,0.9077618400481559,answer_mean,benchmark-squad100-smollm2-360m-answermean-20260604T1632Z,
squad-validation-95,squad_validation_100_context,validation,How much money did a 1/2 minute commercial cost?,"CBS broadcast Super Bowl 50 in the U.S., and charged an average of $5 million for a 30-second commercial during the game. The Super Bowl 50 halftime show was headlined by the British rock group Coldplay with special guest performers Beyoncé and Bruno Mars, who headlined the Super Bowl XLVII and Super Bowl XLVIII halftime shows, respectively. It was the third-most watched U.S. broadcast ever.",$5 million,$5 million,1,,0.9220259515117647,answer_mean,benchmark-squad100-smollm2-360m-answermean-20260604T1632Z,
squad-validation-96,squad_validation_100_context,train,What band headlined half-time during Super Bowl 50?,"CBS broadcast Super Bowl 50 in the U.S., and charged an average of $5 million for a 30-second commercial during the game. The Super Bowl 50 halftime show was headlined by the British rock group Coldplay with special guest performers Beyoncé and Bruno Mars, who headlined the Super Bowl XLVII and Super Bowl XLVIII halftime shows, respectively. It was the third-most watched U.S. broadcast ever.",Coldplay,Coldplay,1,,0.649149205833582,answer_mean,benchmark-squad100-smollm2-360m-answermean-20260604T1632Z,
squad-validation-97,squad_validation_100_context,test,What two artists came out with Coldplay during the half-time show?,"CBS broadcast Super Bowl 50 in the U.S., and charged an average of $5 million for a 30-second commercial during the game. The Super Bowl 50 halftime show was headlined by the British rock group Coldplay with special guest performers Beyoncé and Bruno Mars, who headlined the Super Bowl XLVII and Super Bowl XLVIII halftime shows, respectively. It was the third-most watched U.S. broadcast ever.",Beyoncé and Bruno Mars,Coldplay,0,,0.7776469059021034,answer_mean,benchmark-squad100-smollm2-360m-answermean-20260604T1632Z,
squad-validation-98,squad_validation_100_context,train,Who broadcast the Super Bowl on TV?,"CBS broadcast Super Bowl 50 in the U.S., and charged an average of $5 million for a 30-second commercial during the game. The Super Bowl 50 halftime show was headlined by the British rock group Coldplay with special guest performers Beyoncé and Bruno Mars, who headlined the Super Bowl XLVII and Super Bowl XLVIII halftime shows, respectively. It was the third-most watched U.S. broadcast ever.",CBS,CBS,1,,0.7876690216482317,answer_mean,benchmark-squad100-smollm2-360m-answermean-20260604T1632Z,
squad-validation-99,squad_validation_100_context,train,Who headlined the halftime show for Super Bowl 50?,"CBS broadcast Super Bowl 50 in the U.S., and charged an average of $5 million for a 30-second commercial during the game. The Super Bowl 50 halftime show was headlined by the British rock group Coldplay with special guest performers Beyoncé and Bruno Mars, who headlined the Super Bowl XLVII and Super Bowl XLVIII halftime shows, respectively. It was the third-most watched U.S. broadcast ever.",Coldplay,The halftime show for Super Bowl 50 was headlined by the British,0,,0.7972141119382649,answer_mean,benchmark-squad100-smollm2-360m-answermean-20260604T1632Z,
