id,dataset,split,question,context,accepted_answers,model_answer,auto_correctness_label,manual_correctness_label,raw_generation_confidence,tcl_v0_probe_confidence,tcl_v0_conservative_confidence,tcl_v0_calibrated_confidence,hidden_state_method,run_id,review_reason,review_notes,changes_aggregate_interpretation
squad-validation-104,squad_validation_1000,test,What other two famous performers were part of the Super Bowl 50 halftime?,"CBS broadcast Super Bowl 50 in the U.S., and charged an average of $5 million for a 30-second commercial during the game. The Super Bowl 50 halftime show was headlined by the British rock group Coldplay with special guest performers Beyoncé and Bruno Mars, who headlined the Super Bowl XLVII and Super Bowl XLVIII halftime shows, respectively. It was the third-most watched U.S. broadcast ever.",Beyoncé and Bruno Mars,"Bruno Mars, Beyoncé",0,1,0.7357768464917966,0.9999845268199395,0.7357768464917966,0.6706432419345039,answer_mean,freegpu-squad1000-Qwen_Qwen2.5-0.5B-Instruct-answermean,high_confidence_wrong,assistant-assisted high token overlap with alias: Beyoncé and Bruno Mars,yes
squad-validation-146,squad_validation_1000,test,"In 2012, how many stadiums were named as finalists for hosting Super Bowl 50 before the final stadium was chosen?","The league announced on October 16, 2012, that the two finalists were Sun Life Stadium and Levi's Stadium. The South Florida/Miami area has previously hosted the event 10 times (tied for most with New Orleans), with the most recent one being Super Bowl XLIV in 2010. The San Francisco Bay Area last hosted in 1985 (Super Bowl XIX), held at Stanford Stadium in Stanford, California, won by the home team 49ers. The Miami bid depended on whether the stadium underwent renovations. However, on May 3, 2013, the Florida legislature refused to approve the funding plan to pay for the renovations, dealing a significant blow to Miami's chances.",two,10,0,0,0.7264356394038517,0.9693273861265842,0.7264356394038517,0.5138011274521668,answer_mean,freegpu-squad1000-Qwen_Qwen2.5-0.5B-Instruct-answermean,high_confidence_wrong,assistant-assisted no lexical overlap with accepted aliases,no
squad-validation-203,squad_validation_1000,test,What Panther tore his ACL in the preseason?,"Despite waiving longtime running back DeAngelo Williams and losing top wide receiver Kelvin Benjamin to a torn ACL in the preseason, the Carolina Panthers had their best regular season in franchise history, becoming the seventh team to win at least 15 regular season games since the league expanded to a 16-game schedule in 1978. Carolina started the season 14–0, not only setting franchise records for the best start and the longest single-season winning streak, but also posting the best start to a season by an NFC team in NFL history, breaking the 13–0 record previously shared with the 2009 New Orleans Saints and the 2011 Green Bay Packers. With their NFC-best 15–1 regular season record, the Panthers clinched home-field advantage throughout the NFC playoffs for the first time in franchise history. Ten players were selected to the Pro Bowl (the most in franchise history) along with eight All-Pro selections.",Kelvin Benjamin | Benjamin,DeAngelo Williams,0,0,0.8742163942487156,0.9995730512505219,0.8742163942487156,0.6048287470391215,answer_mean,freegpu-squad1000-Qwen_Qwen2.5-0.5B-Instruct-answermean,high_confidence_wrong,assistant-assisted no lexical overlap with accepted aliases,no
squad-validation-217,squad_validation_1000,test,How many total touchdowns did Cam Newton score?,"The Panthers offense, which led the NFL in scoring (500 points), was loaded with talent, boasting six Pro Bowl selections. Pro Bowl quarterback Cam Newton had one of his best seasons, throwing for 3,837 yards and rushing for 636, while recording a career-high and league-leading 45 total touchdowns (35 passing, 10 rushing), a career-low 10 interceptions, and a career-best quarterback rating of 99.4. Newton's leading receivers were tight end Greg Olsen, who caught a career-high 77 passes for 1,104 yards and seven touchdowns, and wide receiver Ted Ginn, Jr., who caught 44 passes for 739 yards and 10 touchdowns; Ginn also rushed for 60 yards and returned 27 punts for 277 yards. Other key receivers included veteran Jerricho Cotchery (39 receptions for 485 yards), rookie Devin Funchess (31 receptions for 473 yards and five touchdowns), and second-year receiver Corey Brown (31 receptions for 447 yards). The Panthers backfield featured Pro Bowl running back Jonathan Stewart, who led the team with 989 rushing yards and six touchdowns in 13 games, along with Pro Bowl fullback Mike Tolbert, who rushed for 256 yards and caught 18 passes for another 154 yards. Carolina's offensive line also featured two Pro Bowl selections: center Ryan Kalil and guard Trai Turner.",45,35,0,0,0.6375200529837195,0.9408398149097167,0.6375200529837195,0.49903397182836234,answer_mean,freegpu-squad1000-Qwen_Qwen2.5-0.5B-Instruct-answermean,high_confidence_wrong,assistant-assisted no lexical overlap with accepted aliases,no
squad-validation-225,squad_validation_1000,test,Which Panthers RB scored 6 TDs in the 13 games leading up to Super Bowl 50?,"The Panthers offense, which led the NFL in scoring (500 points), was loaded with talent, boasting six Pro Bowl selections. Pro Bowl quarterback Cam Newton had one of his best seasons, throwing for 3,837 yards and rushing for 636, while recording a career-high and league-leading 45 total touchdowns (35 passing, 10 rushing), a career-low 10 interceptions, and a career-best quarterback rating of 99.4. Newton's leading receivers were tight end Greg Olsen, who caught a career-high 77 passes for 1,104 yards and seven touchdowns, and wide receiver Ted Ginn, Jr., who caught 44 passes for 739 yards and 10 touchdowns; Ginn also rushed for 60 yards and returned 27 punts for 277 yards. Other key receivers included veteran Jerricho Cotchery (39 receptions for 485 yards), rookie Devin Funchess (31 receptions for 473 yards and five touchdowns), and second-year receiver Corey Brown (31 receptions for 447 yards). The Panthers backfield featured Pro Bowl running back Jonathan Stewart, who led the team with 989 rushing yards and six touchdowns in 13 games, along with Pro Bowl fullback Mike Tolbert, who rushed for 256 yards and caught 18 passes for another 154 yards. Carolina's offensive line also featured two Pro Bowl selections: center Ryan Kalil and guard Trai Turner.",Jonathan Stewart,Devin Funchess,0,0,0.8746484042786751,0.9987978984201188,0.8746484042786751,0.5833392477251163,answer_mean,freegpu-squad1000-Qwen_Qwen2.5-0.5B-Instruct-answermean,high_confidence_wrong,assistant-assisted no lexical overlap with accepted aliases,no
squad-validation-323,squad_validation_1000,test,What team was the divisional round winner between the Broncos and Steelers?,"The Broncos defeated the Pittsburgh Steelers in the divisional round, 23–16, by scoring 11 points in the final three minutes of the game. They then beat the defending Super Bowl XLIX champion New England Patriots in the AFC Championship Game, 20–18, by intercepting a pass on New England's 2-point conversion attempt with 17 seconds left on the clock. Despite Manning's problems with interceptions during the season, he didn't throw any in their two playoff games.",Broncos | The Broncos,Pittsburgh Steelers,0,0,0.9106439044969064,0.9997408471938073,0.9106439044969064,0.6150510314644493,answer_mean,freegpu-squad1000-Qwen_Qwen2.5-0.5B-Instruct-answermean,high_confidence_wrong,assistant-assisted no lexical overlap with accepted aliases,no
squad-validation-438,squad_validation_1000,test,"Which Super Bowl, after the 50th one, will begin have Roman numerals in the title again?","On June 4, 2014, the NFL announced that the practice of branding Super Bowl games with Roman numerals, a practice established at Super Bowl V, would be temporarily suspended, and that the game would be named using Arabic numerals as Super Bowl 50 as opposed to Super Bowl L. The use of Roman numerals will be reinstated for Super Bowl LI. Jaime Weston, the league's vice president of brand and creative, explained that a primary reason for the change was the difficulty of designing an aesthetically pleasing logo with the letter ""L"" using the standardized logo template introduced at Super Bowl XLV. The logo also deviates from the template by featuring large numerals, colored in gold, behind the Vince Lombardi Trophy, instead of underneath and in silver as in the standard logo.",Super Bowl LI | LI,Super Bowl 50,0,0,0.8116265069163521,0.7071181446795489,0.7071181446795489,0.4585818631780048,answer_mean,freegpu-squad1000-Qwen_Qwen2.5-0.5B-Instruct-answermean,high_confidence_wrong,"assistant semantic review: model says Super Bowl 50, but expected Super Bowl LI.",no
squad-validation-469,squad_validation_1000,test,What football associated thing started at Justin Herman Plaza in January?,"The annual NFL Experience was held at the Moscone Center in San Francisco. In addition, ""Super Bowl City"" opened on January 30 at Justin Herman Plaza on The Embarcadero, featuring games and activities that will highlight the Bay Area's technology, culinary creations, and cultural diversity. More than 1 million people are expected to attend the festivities in San Francisco during Super Bowl Week. San Francisco mayor Ed Lee said of the highly visible homeless presence in this area ""they are going to have to leave"". San Francisco city supervisor Jane Kim unsuccessfully lobbied for the NFL to reimburse San Francisco for city services in the amount of $5 million.","Super Bowl City | ""Super Bowl City""",Super Bowl,0,1,0.6220165571456722,0.9503549790250798,0.6220165571456722,0.5030220594238848,answer_mean,freegpu-squad1000-Qwen_Qwen2.5-0.5B-Instruct-answermean,high_confidence_wrong,assistant-assisted contained alias match: Super Bowl City,yes
squad-validation-551,squad_validation_1000,test,Which network broadcast the game in Spanish?,"On December 28, 2015, ESPN Deportes announced that they had reached an agreement with CBS and the NFL to be the exclusive Spanish-language broadcaster of the game, marking the third dedicated Spanish-language broadcast of the Super Bowl. Unlike NBC and Fox, CBS does not have a Spanish-language outlet of its own that could broadcast the game (though per league policy, a separate Spanish play-by-play call was carried on CBS's second audio program channel for over-the-air viewers). The game was called by ESPN Deportes' Monday Night Football commentary crew of Alvaro Martin and Raul Allegre, and sideline reporter John Sutcliffe. ESPN Deportes broadcast pre-game and post-game coverage, while Martin, Allegre, and Sutcliffe contributed English-language reports for ESPN's SportsCenter and Mike & Mike.",ESPN Deportes,CBS,0,0,0.698990491112566,0.980449915637426,0.698990491112566,0.5237198410081381,answer_mean,freegpu-squad1000-Qwen_Qwen2.5-0.5B-Instruct-answermean,high_confidence_wrong,assistant-assisted no lexical overlap with accepted aliases,no
squad-validation-570,squad_validation_1000,test,What app did viewers use to watch the game on their smartphones?,"CBS provided digital streams of the game via CBSSports.com, and the CBS Sports apps on tablets, Windows 10, Xbox One and other digital media players (such as Chromecast and Roku). Due to Verizon Communications exclusivity, streaming on smartphones was only provided to Verizon Wireless customers via the NFL Mobile service. The ESPN Deportes Spanish broadcast was made available through WatchESPN.",NFL Mobile service | the CBS Sports apps | NFL,WatchESPN,0,0,0.8974736773230951,0.915511737426641,0.8974736773230951,0.4907828655517856,answer_mean,freegpu-squad1000-Qwen_Qwen2.5-0.5B-Instruct-answermean,high_confidence_wrong,assistant-assisted no lexical overlap with accepted aliases,no
squad-validation-580,squad_validation_1000,test,What CBS show followed the Super Bowl?,"As opposed to broadcasts of primetime series, CBS broadcast special episodes of its late night talk shows as its lead-out programs for Super Bowl 50, beginning with a special episode of The Late Show with Stephen Colbert following the game. Following a break for late local programming, CBS also aired a special episode of The Late Late Show with James Corden.",The Late Show with Stephen Colbert | Late Show with Stephen Colbert,The Late Late Show with James Corden,0,0,0.870762441684388,0.9578790212972358,0.870762441684388,0.5067264244979361,answer_mean,freegpu-squad1000-Qwen_Qwen2.5-0.5B-Instruct-answermean,high_confidence_wrong,"assistant semantic review: model named the later James Corden show, not the Stephen Colbert lead-out show.",no
squad-validation-623,squad_validation_1000,test,Who shared sideline reporting duties with Mark Malone?,"Westwood One will carry the game throughout North America, with Kevin Harlan as play-by-play announcer, Boomer Esiason and Dan Fouts as color analysts, and James Lofton and Mark Malone as sideline reporters. Jim Gray will anchor the pre-game and halftime coverage.",James Lofton | James Lofton and Mark Malone,Boomer Esiason and Dan Fouts,0,0,0.9026083129462142,0.7871622820045423,0.7871622820045423,0.46770499215550554,answer_mean,freegpu-squad1000-Qwen_Qwen2.5-0.5B-Instruct-answermean,high_confidence_wrong,"assistant semantic review: model named analysts, not sideline reporter James Lofton.",no
squad-validation-658,squad_validation_1000,test,How many players have been awarded the Most Valuable Player distinction for the Super Bowl?,"In honor of the 50th Super Bowl, the pregame ceremony featured the on-field introduction of 39 of the 43 previous Super Bowl Most Valuable Players. Bart Starr (MVP of Super Bowls I and II) and Chuck Howley (MVP of Super Bowl V) appeared via video, while Peyton Manning (MVP of Super Bowl XLI and current Broncos quarterback) was shown in the locker room preparing for the game. No plans were announced regarding the recognition of Harvey Martin, co-MVP of Super Bowl XII, who died in 2001.",43,39,0,0,0.8800703110129223,0.9913325047903616,0.8800703110129223,0.541375975460805,answer_mean,freegpu-squad1000-Qwen_Qwen2.5-0.5B-Instruct-answermean,high_confidence_wrong,assistant-assisted no lexical overlap with accepted aliases,no
squad-validation-699,squad_validation_1000,test,Who scored the first points for Denver?,"Denver took the opening kickoff and started out strong with Peyton Manning completing an 18-yard pass to tight end Owen Daniels and a 22-yard throw to receiver Andre Caldwell. A pair of carries by C. J. Anderson moved the ball up 20 yards to the Panthers 14-yard line, but Carolina's defense dug in over the next three plays. First, linebacker Shaq Thompson tackled Ronnie Hillman for a 3-yard loss. Then after an incompletion, Thomas Davis tackled Anderson for a 1-yard gain on third down, forcing Denver to settle for a 3–0 lead on a Brandon McManus 34-yard field goal. The score marked the first time in the entire postseason that Carolina was facing a deficit.",Brandon McManus | McManus,Peyton Manning,0,0,0.9282307086558332,0.80615030810477,0.80615030810477,0.4702179432102783,answer_mean,freegpu-squad1000-Qwen_Qwen2.5-0.5B-Instruct-answermean,high_confidence_wrong,assistant-assisted no lexical overlap with accepted aliases,no
squad-validation-735,squad_validation_1000,test,Who tackled the Carolina Panthers' quarterback just before the end of the first half?,"On Carolina's next possession fullback Mike Tolbert lost a fumble while being tackled by safety Darian Stewart, which linebacker Danny Trevathan recovered on the Broncos 40-yard line. However, the Panthers soon took the ball back when defensive end Kony Ealy tipped a Manning pass to himself and then intercepted it, returning the ball 19 yards to the Panthers 39-yard line with 1:55 left on the clock. The Panthers could not gain any yards with their possession and had to punt. After a Denver punt, Carolina drove to the Broncos 45-yard line. But with 11 seconds left, Newton was sacked by DeMarcus Ware as time expired in the half.",DeMarcus Ware | Ware,Darian Stewart,0,0,0.9631794701455298,0.9279475040780693,0.9279475040780693,0.4944969202137179,answer_mean,freegpu-squad1000-Qwen_Qwen2.5-0.5B-Instruct-answermean,high_confidence_wrong,assistant-assisted no lexical overlap with accepted aliases,no
squad-validation-764,squad_validation_1000,test,How many yards was the field goal Gano made to make the score 16-10?,"There would be no more scoring in the third quarter, but early in the fourth, the Broncos drove to the Panthers 41-yard line. On the next play, Ealy knocked the ball out of Manning's hand as he was winding up for a pass, and then recovered it for Carolina on the 50-yard line. A 16-yard reception by Devin Funchess and a 12-yard run by Stewart then set up Gano's 39-yard field goal, cutting the Panthers deficit to one score at 16–10. The next three drives of the game would end in punts.",39-yard | 39,17,0,0,0.6210090185885387,0.9169213964166169,0.6210090185885387,0.49117773509222895,answer_mean,freegpu-squad1000-Qwen_Qwen2.5-0.5B-Instruct-answermean,high_confidence_wrong,assistant-assisted no lexical overlap with accepted aliases,no
squad-validation-781,squad_validation_1000,test,How many solo sacks did Von Miller have in the game?,"Manning finished the game 13 of 23 for 141 yards with one interception and zero touchdowns. Sanders was his top receiver with six receptions for 83 yards. Anderson was the game's leading rusher with 90 yards and a touchdown, along with four receptions for 10 yards. Miller had six total tackles (five solo), 2½ sacks, and two forced fumbles. Ware had five total tackles and two sacks. Ward had seven total tackles, a fumble recovery, and an interception. McManus made all four of his field goals, making him perfect on all 11 attempts during the post-season. Newton completed 18 of 41 passes for 265 yards, with one interception. He was also the team's leading rusher with 45 yards on six carries. Brown caught four passes for 80 yards, while Ginn had four receptions for 74. Ealy was the top defensive performer for Carolina with four total tackles, three sacks, a forced fumble, a fumble recovery, and an interception. Defensive End Charles Johnson had four total tackles, a sack, and a forced fumble. Linebacker Luke Kuechly had 11 total tackles, while Thomas Davis had seven, despite playing just two weeks after breaking his right arm in the NFC title game.",five | 2½ | 2,two,0,0,0.835115450969096,0.6987716824870682,0.6987716824870682,0.4577280930281734,answer_mean,freegpu-squad1000-Qwen_Qwen2.5-0.5B-Instruct-answermean,high_confidence_wrong,assistant-assisted no lexical overlap with accepted aliases,no
squad-validation-825,squad_validation_1000,test,What was Warsaw the most diverse of in Poland?,"Demographically, it was the most diverse city in Poland, with significant numbers of foreign-born inhabitants. In addition to the Polish majority, there was a significant Jewish minority in Warsaw. According to Russian census of 1897, out of the total population of 638,000, Jews constituted 219,000 (around 34% percent). Warsaw's prewar Jewish population of more than 350,000 constituted about 30 percent of the city's total population. In 1933, out of 1,178,914 inhabitants 833,500 were of Polish mother tongue. World War II changed the demographics of the city, and to this day there is much less ethnic diversity than in the previous 300 years of Warsaw's history. Most of the modern day population growth is based on internal migration and urbanisation.",city | Demographically,Diverse,0,0,0.6054726509546225,0.9999881709900136,0.6054726509546225,0.6757266382630738,answer_mean,freegpu-squad1000-Qwen_Qwen2.5-0.5B-Instruct-answermean,high_confidence_wrong,assistant-assisted no lexical overlap with accepted aliases,no
squad-validation-830,squad_validation_1000,test,What is the second academic school of technology in Poland?,"The University of Warsaw was established in 1816, when the partitions of Poland separated Warsaw from the oldest and most influential Polish academic center, in Kraków. Warsaw University of Technology is the second academic school of technology in the country, and one of the largest in East-Central Europe, employing 2,000 professors. Other institutions for higher education include the Medical University of Warsaw, the largest medical school in Poland and one of the most prestigious, the National Defence University, highest military academic institution in Poland, the Fryderyk Chopin University of Music the oldest and largest music school in Poland, and one of the largest in Europe, the Warsaw School of Economics, the oldest and most renowned economic university in the country, and the Warsaw University of Life Sciences the largest agricultural university founded in 1818.",Warsaw University of Technology,Medical University of Warsaw,0,0,0.8412804217054816,0.9997881170549708,0.8412804217054816,0.6191460220411095,answer_mean,freegpu-squad1000-Qwen_Qwen2.5-0.5B-Instruct-answermean,high_confidence_wrong,"assistant semantic review: model named Medical University of Warsaw, not Warsaw University of Technology.",no
squad-validation-867,squad_validation_1000,test,What does the National Museum boast having from Adolf Hitler's private collection?,"As interesting examples of expositions the most notable are: the world's first Museum of Posters boasting one of the largest collections of art posters in the world, Museum of Hunting and Riding and the Railway Museum. From among Warsaw's 60 museums, the most prestigious ones are National Museum with a collection of works whose origin ranges in time from antiquity till the present epoch as well as one of the best collections of paintings in the country including some paintings from Adolf Hitler's private collection, and Museum of the Polish Army whose set portrays the history of arms.",some paintings | paintings,works,0,0,0.5631608790844005,0.9989656191722583,0.5631608790844005,0.5864817081510918,answer_mean,freegpu-squad1000-Qwen_Qwen2.5-0.5B-Instruct-answermean,high_confidence_wrong,assistant-assisted no lexical overlap with accepted aliases,no
squad-validation-89,squad_validation_1000,test,Who was the main performer at this year's halftime show?,"CBS broadcast Super Bowl 50 in the U.S., and charged an average of $5 million for a 30-second commercial during the game. The Super Bowl 50 halftime show was headlined by the British rock group Coldplay with special guest performers Beyoncé and Bruno Mars, who headlined the Super Bowl XLVII and Super Bowl XLVIII halftime shows, respectively. It was the third-most watched U.S. broadcast ever.",Coldplay,Bruno Mars,0,0,0.8554493982282323,0.9999999432592671,0.8554493982282323,0.7673891928371172,answer_mean,freegpu-squad1000-Qwen_Qwen2.5-0.5B-Instruct-answermean,high_confidence_wrong,assistant-assisted no lexical overlap with accepted aliases,no
squad-validation-908,squad_validation_1000,test,"Why did Warsaw gain the title of the ""Phoenix City""?","The first historical reference to Warsaw dates back to the year 1313, at a time when Kraków served as the Polish capital city. Due to its central location between the Polish–Lithuanian Commonwealth's capitals of Kraków and Vilnius, Warsaw became the capital of the Commonwealth and of the Crown of the Kingdom of Poland when King Sigismund III Vasa moved his court from Kraków to Warsaw in 1596. After the Third Partition of Poland in 1795, Warsaw was incorporated into the Kingdom of Prussia. In 1806 during the Napoleonic Wars, the city became the official capital of the Grand Duchy of Warsaw, a puppet state of the First French Empire established by Napoleon Bonaparte. In accordance with the decisions of the Congress of Vienna, the Russian Empire annexed Warsaw in 1815 and it became part of the ""Congress Kingdom"". Only in 1918 did it regain independence from the foreign rule and emerge as a new capital of the independent Republic of Poland. The German invasion in 1939, the massacre of the Jewish population and deportations to concentration camps led to the uprising in the Warsaw ghetto in 1943 and to the major and devastating Warsaw Uprising between August and October 1944. Warsaw gained the title of the ""Phoenix City"" because it has survived many wars, conflicts and invasions throughout its long history. Most notably, the city required painstaking rebuilding after the extensive damage it suffered in World War II, which destroyed 85% of its buildings. On 9 November 1940, the city was awarded Poland's highest military decoration for heroism, the Virtuti Militari, during the Siege of Warsaw (1939).","survived many wars, conflicts and invasions | it has survived many wars, conflicts and invasions | because it has survived many wars, conflicts and invasions throughout its long history",World War II,0,0,0.6008709176066638,0.9646989735832507,0.6008709176066638,0.5106770926830829,answer_mean,freegpu-squad1000-Qwen_Qwen2.5-0.5B-Instruct-answermean,high_confidence_wrong,assistant-assisted no lexical overlap with accepted aliases,no
squad-validation-955,squad_validation_1000,test,What did John Paul II's visits in 1979 and 1983 encourage?,"John Paul II's visits to his native country in 1979 and 1983 brought support to the budding solidarity movement and encouraged the growing anti-communist fervor there. In 1979, less than a year after becoming pope, John Paul celebrated Mass in Victory Square in Warsaw and ended his sermon with a call to ""renew the face"" of Poland: Let Thy Spirit descend! Let Thy Spirit descend and renew the face of the land! This land! These words were very meaningful for the Polish citizens who understood them as the incentive for the democratic changes.",growing anti-communist fervor | anti-communist fervor,anti-communism,0,1,0.6621748216389021,0.9999921633804185,0.6621748216389021,0.6834403761163796,answer_mean,freegpu-squad1000-Qwen_Qwen2.5-0.5B-Instruct-answermean,high_confidence_wrong,assistant semantic review: anti-communism is a reasonable paraphrase of anti-communist fervor.,yes
squad-validation-963,squad_validation_1000,test,Where is the lowest point of Warsaw located?,"Warsaw lies in east-central Poland about 300 km (190 mi) from the Carpathian Mountains and about 260 km (160 mi) from the Baltic Sea, 523 km (325 mi) east of Berlin, Germany. The city straddles the Vistula River. It is located in the heartland of the Masovian Plain, and its average elevation is 100 metres (330 ft) above sea level. The highest point on the left side of the city lies at a height of 115.7 metres (379.6 ft) (""Redutowa"" bus depot, district of Wola), on the right side – 122.1 metres (400.6 ft) (""Groszówka"" estate, district of Wesoła, by the eastern border). The lowest point lies at a height 75.6 metres (248.0 ft) (at the right bank of the Vistula, by the eastern border of Warsaw). There are some hills (mostly artificial) located within the confines of the city – e.g. Warsaw Uprising Hill (121 metres (397.0 ft)), Szczęśliwice hill (138 metres (452.8 ft) – the highest point of Warsaw in general).","at the right bank of the Vistula | at the right bank of the Vistula, by the eastern border of Warsaw | by the eastern border",the right bank of the Vistula,0,1,0.806844445971194,0.9498678991377897,0.806844445971194,0.5028010345971147,answer_mean,freegpu-squad1000-Qwen_Qwen2.5-0.5B-Instruct-answermean,high_confidence_wrong,assistant-assisted contained alias match: at the right bank of the Vistula,yes
squad-validation-974,squad_validation_1000,test,What does Warsaw's mixture of architectural styles reflect?,"Warsaw's mixture of architectural styles reflects the turbulent history of the city and country. During the Second World War, Warsaw was razed to the ground by bombing raids and planned destruction. After liberation, rebuilding began as in other cities of the communist-ruled PRL. Most of the historical buildings were thoroughly reconstructed. However, some of the buildings from the 19th century that had been preserved in reasonably reconstructible form were nonetheless eradicated in the 1950s and 1960s (e.g. Leopold Kronenberg Palace). Mass residential blocks were erected, with basic design typical of Eastern bloc countries.",turbulent history of the city | turbulent history of the city and country,Turbulent history,0,1,0.7446100052152248,0.9999942405752841,0.7446100052152248,0.6891449625342949,answer_mean,freegpu-squad1000-Qwen_Qwen2.5-0.5B-Instruct-answermean,high_confidence_wrong,assistant-assisted contained alias match: turbulent history of the city,yes
squad-validation-978,squad_validation_1000,test,What style were the mass constructed residential blocks designed in?,"Warsaw's mixture of architectural styles reflects the turbulent history of the city and country. During the Second World War, Warsaw was razed to the ground by bombing raids and planned destruction. After liberation, rebuilding began as in other cities of the communist-ruled PRL. Most of the historical buildings were thoroughly reconstructed. However, some of the buildings from the 19th century that had been preserved in reasonably reconstructible form were nonetheless eradicated in the 1950s and 1960s (e.g. Leopold Kronenberg Palace). Mass residential blocks were erected, with basic design typical of Eastern bloc countries.",typical of Eastern bloc countries | basic design typical of Eastern bloc countries | design typical of Eastern bloc countries,Eastern bloc,0,1,0.6842895237920912,0.9999490716602045,0.6842895237920912,0.6476202973501445,answer_mean,freegpu-squad1000-Qwen_Qwen2.5-0.5B-Instruct-answermean,high_confidence_wrong,assistant-assisted contained alias match: typical of Eastern bloc countries,yes
squad-validation-344,squad_validation_1000,test,How many years had Thomas Davis played in the league when he broke his arm during the NFC Championship game?,"Carolina suffered a major setback when Thomas Davis, an 11-year veteran who had already overcome three ACL tears in his career, went down with a broken arm in the NFC Championship Game. Despite this, he insisted he would still find a way to play in the Super Bowl. His prediction turned out to be accurate.",11,3,0,0,0.8042150388624263,0.15462161161771903,0.15462161161771903,0.40418686467292936,answer_mean,freegpu-squad1000-Qwen_Qwen2.5-0.5B-Instruct-answermean,high_confidence_wrong; low_confidence_incorrect_sample; raw_vs_conservative_disagreement,assistant-assisted no lexical overlap with accepted aliases,no
squad-validation-618,squad_validation_1000,test,What company paid for a Super Bowl 50 ad to show a trailer of X-Men: Apocalypse?,"20th Century Fox, Lionsgate, Paramount Pictures, Universal Studios and Walt Disney Studios paid for movie trailers to be aired during the Super Bowl. Fox paid for Deadpool, X-Men: Apocalypse, Independence Day: Resurgence and Eddie the Eagle, Lionsgate paid for Gods of Egypt, Paramount paid for Teenage Mutant Ninja Turtles: Out of the Shadows and 10 Cloverfield Lane, Universal paid for The Secret Life of Pets and the debut trailer for Jason Bourne and Disney paid for Captain America: Civil War, The Jungle Book and Alice Through the Looking Glass.[citation needed]",Fox | Disney,Lionsgate,0,0,0.9499261219183476,0.004669907088918978,0.004669907088918978,0.33109946976186516,answer_mean,freegpu-squad1000-Qwen_Qwen2.5-0.5B-Instruct-answermean,high_confidence_wrong; low_confidence_incorrect_sample; raw_vs_conservative_disagreement,assistant-assisted no lexical overlap with accepted aliases,no
squad-validation-642,squad_validation_1000,test,Who handled the play-by-play for WBT?,"The flagship stations of each station in the markets of each team will carry their local play-by-play calls. In Denver, KOA (850 AM) and KRFX (103.5 FM) will carry the game, with Dave Logan on play-by-play and Ed McCaffrey on color commentary. In North Carolina, WBT (1110 AM) will carry the game, with Mick Mixon on play-by-play and Eugene Robinson and Jim Szoke on color commentary. WBT will also simulcast the game on its sister station WBT-FM (99.3 FM), which is based in Chester, South Carolina. As KOA and WBT are both clear-channel stations, the local broadcasts will be audible over much of the western United States after sunset (for Denver) and the eastern United States throughout the game (for Carolina). In accordance with contractual rules, the rest of the stations in the Broncos and Panthers radio networks will either carry the Westwood One feed or not carry the game at all.",Mick Mixon,Eugene Robinson and Jim Szoke,0,0,0.8478047206266937,0.0008198398784060187,0.0008198398784060187,0.29875458086257917,answer_mean,freegpu-squad1000-Qwen_Qwen2.5-0.5B-Instruct-answermean,high_confidence_wrong; low_confidence_incorrect_sample; raw_vs_conservative_disagreement,assistant-assisted no lexical overlap with accepted aliases,no
squad-validation-698,squad_validation_1000,test,Which Denver player took the ball to the Panthers 14 yard line?,"Denver took the opening kickoff and started out strong with Peyton Manning completing an 18-yard pass to tight end Owen Daniels and a 22-yard throw to receiver Andre Caldwell. A pair of carries by C. J. Anderson moved the ball up 20 yards to the Panthers 14-yard line, but Carolina's defense dug in over the next three plays. First, linebacker Shaq Thompson tackled Ronnie Hillman for a 3-yard loss. Then after an incompletion, Thomas Davis tackled Anderson for a 1-yard gain on third down, forcing Denver to settle for a 3–0 lead on a Brandon McManus 34-yard field goal. The score marked the first time in the entire postseason that Carolina was facing a deficit.",C. J. Anderson | Anderson,Peyton Manning,0,0,0.8712374835955236,0.04836492979752752,0.04836492979752752,0.3779567871123665,answer_mean,freegpu-squad1000-Qwen_Qwen2.5-0.5B-Instruct-answermean,high_confidence_wrong; low_confidence_incorrect_sample; raw_vs_conservative_disagreement,assistant-assisted no lexical overlap with accepted aliases,no
squad-validation-791,squad_validation_1000,test,What is the last name of the player who was Manning's top receiver for Super Bowl 50?,"Manning finished the game 13 of 23 for 141 yards with one interception and zero touchdowns. Sanders was his top receiver with six receptions for 83 yards. Anderson was the game's leading rusher with 90 yards and a touchdown, along with four receptions for 10 yards. Miller had six total tackles (five solo), 2½ sacks, and two forced fumbles. Ware had five total tackles and two sacks. Ward had seven total tackles, a fumble recovery, and an interception. McManus made all four of his field goals, making him perfect on all 11 attempts during the post-season. Newton completed 18 of 41 passes for 265 yards, with one interception. He was also the team's leading rusher with 45 yards on six carries. Brown caught four passes for 80 yards, while Ginn had four receptions for 74. Ealy was the top defensive performer for Carolina with four total tackles, three sacks, a forced fumble, a fumble recovery, and an interception. Defensive End Charles Johnson had four total tackles, a sack, and a forced fumble. Linebacker Luke Kuechly had 11 total tackles, while Thomas Davis had seven, despite playing just two weeks after breaking his right arm in the NFC title game.",Sanders,Anderson,0,0,0.8707922527666672,0.1958823724982934,0.1958823724982934,0.4101382662885846,answer_mean,freegpu-squad1000-Qwen_Qwen2.5-0.5B-Instruct-answermean,high_confidence_wrong; low_confidence_incorrect_sample; raw_vs_conservative_disagreement,assistant-assisted no lexical overlap with accepted aliases,no
squad-validation-159,squad_validation_1000,test,What California city last hosted the Super Bowl?,"On May 21, 2013, NFL owners at their spring meetings in Boston voted and awarded the game to Levi's Stadium. The $1.2 billion stadium opened in 2014. It is the first Super Bowl held in the San Francisco Bay Area since Super Bowl XIX in 1985, and the first in California since Super Bowl XXXVII took place in San Diego in 2003.",San Diego,San Francisco Bay Area,0,0,0.8251528997306081,0.028947498114849955,0.028947498114849955,0.36722739711062424,answer_mean,freegpu-squad1000-Qwen_Qwen2.5-0.5B-Instruct-answermean,high_confidence_wrong; raw_vs_conservative_disagreement,"assistant semantic review: model says San Francisco Bay Area, but expected San Diego.",no
squad-validation-166,squad_validation_1000,test,When did Levi's stadium open to the public?,"On May 21, 2013, NFL owners at their spring meetings in Boston voted and awarded the game to Levi's Stadium. The $1.2 billion stadium opened in 2014. It is the first Super Bowl held in the San Francisco Bay Area since Super Bowl XIX in 1985, and the first in California since Super Bowl XXXVII took place in San Diego in 2003.",2014,"May 21, 2013",0,0,0.9415539863311395,0.202800061770712,0.202800061770712,0.4110408039329721,answer_mean,freegpu-squad1000-Qwen_Qwen2.5-0.5B-Instruct-answermean,high_confidence_wrong; raw_vs_conservative_disagreement,assistant-assisted no lexical overlap with accepted aliases,no
squad-validation-175,squad_validation_1000,test,When did Levi's Stadium open?,"On May 21, 2013, NFL owners at their spring meetings in Boston voted and awarded the game to Levi's Stadium. The $1.2 billion stadium opened in 2014. It is the first Super Bowl held in the San Francisco Bay Area since Super Bowl XIX in 1985, and the first in California since Super Bowl XXXVII took place in San Diego in 2003.",2014. | in 2014 | 2014,"May 21, 2013",0,0,0.9451409528376515,0.14247450509039872,0.14247450509039872,0.40219762644983414,answer_mean,freegpu-squad1000-Qwen_Qwen2.5-0.5B-Instruct-answermean,high_confidence_wrong; raw_vs_conservative_disagreement,assistant-assisted no lexical overlap with accepted aliases,no
squad-validation-224,squad_validation_1000,test,What position does Jerricho Cotchery play?,"The Panthers offense, which led the NFL in scoring (500 points), was loaded with talent, boasting six Pro Bowl selections. Pro Bowl quarterback Cam Newton had one of his best seasons, throwing for 3,837 yards and rushing for 636, while recording a career-high and league-leading 45 total touchdowns (35 passing, 10 rushing), a career-low 10 interceptions, and a career-best quarterback rating of 99.4. Newton's leading receivers were tight end Greg Olsen, who caught a career-high 77 passes for 1,104 yards and seven touchdowns, and wide receiver Ted Ginn, Jr., who caught 44 passes for 739 yards and 10 touchdowns; Ginn also rushed for 60 yards and returned 27 punts for 277 yards. Other key receivers included veteran Jerricho Cotchery (39 receptions for 485 yards), rookie Devin Funchess (31 receptions for 473 yards and five touchdowns), and second-year receiver Corey Brown (31 receptions for 447 yards). The Panthers backfield featured Pro Bowl running back Jonathan Stewart, who led the team with 989 rushing yards and six touchdowns in 13 games, along with Pro Bowl fullback Mike Tolbert, who rushed for 256 yards and caught 18 passes for another 154 yards. Carolina's offensive line also featured two Pro Bowl selections: center Ryan Kalil and guard Trai Turner.",receivers,tight end,0,0,0.8541079448165103,5.3454862133040014e-05,5.3454862133040014e-05,0.25195602250578414,answer_mean,freegpu-squad1000-Qwen_Qwen2.5-0.5B-Instruct-answermean,high_confidence_wrong; raw_vs_conservative_disagreement,assistant-assisted no lexical overlap with accepted aliases,no
squad-validation-250,squad_validation_1000,test,Who is the head coach of the Broncos?,"Following their loss in the divisional round of the previous season's playoffs, the Denver Broncos underwent numerous coaching changes, including a mutual parting with head coach John Fox (who had won four divisional championships in his four years as Broncos head coach), and the hiring of Gary Kubiak as the new head coach. Under Kubiak, the Broncos planned to install a run-oriented offense with zone blocking to blend in with quarterback Peyton Manning's shotgun passing skills, but struggled with numerous changes and injuries to the offensive line, as well as Manning having his worst statistical season since his rookie year with the Indianapolis Colts in 1998, due to a plantar fasciitis injury in his heel that he had suffered since the summer, and the simple fact that Manning was getting old, as he turned 39 in the 2015 off-season. Although the team had a 7–0 start, Manning led the NFL in interceptions. In week 10, Manning suffered a partial tear of the plantar fasciitis in his left foot. He set the NFL's all-time record for career passing yards in this game, but was benched after throwing four interceptions in favor of backup quarterback Brock Osweiler, who took over as the starter for most of the remainder of the regular season. Osweiler was injured, however, leading to Manning's return during the Week 17 regular season finale, where the Broncos were losing 13–7 against the 4–11 San Diego Chargers, resulting in Manning re-claiming the starting quarterback position for the playoffs by leading the team to a key 27–20 win that enabled the team to clinch the number one overall AFC seed. Under defensive coordinator Wade Phillips, the Broncos' defense ranked number one in total yards allowed, passing yards allowed and sacks, and like the previous three seasons, the team has continued to set numerous individual, league and franchise records. With the defense carrying the team despite the issues with the offense, the Broncos finished the regular season with a 12–4 record and earned home-field advantage throughout the AFC playoffs.",Gary Kubiak | Kubiak,John Fox,0,0,0.990908281902377,0.409580941590024,0.409580941590024,0.43208419535671416,answer_mean,freegpu-squad1000-Qwen_Qwen2.5-0.5B-Instruct-answermean,high_confidence_wrong; raw_vs_conservative_disagreement,assistant-assisted no lexical overlap with accepted aliases,no
squad-validation-27,squad_validation_1000,test,Where was Super Bowl 50 held?,"Super Bowl 50 was an American football game to determine the champion of the National Football League (NFL) for the 2015 season. The American Football Conference (AFC) champion Denver Broncos defeated the National Football Conference (NFC) champion Carolina Panthers 24–10 to earn their third Super Bowl title. The game was played on February 7, 2016, at Levi's Stadium in the San Francisco Bay Area at Santa Clara, California. As this was the 50th Super Bowl, the league emphasized the ""golden anniversary"" with various gold-themed initiatives, as well as temporarily suspending the tradition of naming each Super Bowl game with Roman numerals (under which the game would have been known as ""Super Bowl L""), so that the logo could prominently feature the Arabic numerals 50.","Santa Clara, California. | Levi's Stadium",San Francisco Bay Area,0,0,0.867657582061141,0.0005606403693943527,0.0005606403693943527,0.2919453634561829,answer_mean,freegpu-squad1000-Qwen_Qwen2.5-0.5B-Instruct-answermean,high_confidence_wrong; raw_vs_conservative_disagreement,assistant-assisted no lexical overlap with accepted aliases,no
squad-validation-273,squad_validation_1000,test,Who had the most rushing yards on the Broncos?,"Manning finished the year with a career-low 67.9 passer rating, throwing for 2,249 yards and nine touchdowns, with 17 interceptions. In contrast, Osweiler threw for 1,967 yards, 10 touchdowns and six interceptions for a rating of 86.4. Veteran receiver Demaryius Thomas led the team with 105 receptions for 1,304 yards and six touchdowns, while Emmanuel Sanders caught 76 passes for 1,135 yards and six scores, while adding another 106 yards returning punts. Tight end Owen Daniels was also a big element of the passing game with 46 receptions for 517 yards. Running back C. J. Anderson was the team's leading rusher 863 yards and seven touchdowns, while also catching 25 passes for 183 yards. Running back Ronnie Hillman also made a big impact with 720 yards, five touchdowns, 24 receptions, and a 4.7 yards per carry average. Overall, the offense ranked 19th in scoring with 355 points and did not have any Pro Bowl selections.",C. J. Anderson | Anderson,Ronnie Hillman,0,0,0.9324032582293152,0.0027646921603021297,0.0027646921603021297,0.32115198831554664,answer_mean,freegpu-squad1000-Qwen_Qwen2.5-0.5B-Instruct-answermean,high_confidence_wrong; raw_vs_conservative_disagreement,assistant-assisted no lexical overlap with accepted aliases,no
squad-validation-367,squad_validation_1000,test,Who was the #2 pick in the 2011 NFL Draft?,"This was the first Super Bowl to feature a quarterback on both teams who was the #1 pick in their draft classes. Manning was the #1 selection of the 1998 NFL draft, while Newton was picked first in 2011. The matchup also pits the top two picks of the 2011 draft against each other: Newton for Carolina and Von Miller for Denver. Manning and Newton also set the record for the largest age difference between opposing Super Bowl quarterbacks at 13 years and 48 days (Manning was 39, Newton was 26).",Von Miller | Miller,Newton,0,0,0.978914556400777,0.04645010082013482,0.04645010082013482,0.37709937695831186,answer_mean,freegpu-squad1000-Qwen_Qwen2.5-0.5B-Instruct-answermean,high_confidence_wrong; raw_vs_conservative_disagreement,assistant-assisted no lexical overlap with accepted aliases,no
squad-validation-566,squad_validation_1000,test,What version of Windows supported the CBS sports app?,"CBS provided digital streams of the game via CBSSports.com, and the CBS Sports apps on tablets, Windows 10, Xbox One and other digital media players (such as Chromecast and Roku). Due to Verizon Communications exclusivity, streaming on smartphones was only provided to Verizon Wireless customers via the NFL Mobile service. The ESPN Deportes Spanish broadcast was made available through WatchESPN.",10,Windows 8,0,0,0.807320926525284,3.615027617179242e-07,3.615027617179242e-07,0.17974398302361186,answer_mean,freegpu-squad1000-Qwen_Qwen2.5-0.5B-Instruct-answermean,high_confidence_wrong; raw_vs_conservative_disagreement,assistant-assisted no lexical overlap with accepted aliases,no
squad-validation-616,squad_validation_1000,test,What famous July Fourth holiday movie did Fox pay to advertise a sequel of during the Super Bowl?,"20th Century Fox, Lionsgate, Paramount Pictures, Universal Studios and Walt Disney Studios paid for movie trailers to be aired during the Super Bowl. Fox paid for Deadpool, X-Men: Apocalypse, Independence Day: Resurgence and Eddie the Eagle, Lionsgate paid for Gods of Egypt, Paramount paid for Teenage Mutant Ninja Turtles: Out of the Shadows and 10 Cloverfield Lane, Universal paid for The Secret Life of Pets and the debut trailer for Jason Bourne and Disney paid for Captain America: Civil War, The Jungle Book and Alice Through the Looking Glass.[citation needed]",Independence Day | Independence Day: Resurgence,Deadpool,0,0,0.8923262658300973,1.6350083539539613e-05,1.6350083539539613e-05,0.23323553720531384,answer_mean,freegpu-squad1000-Qwen_Qwen2.5-0.5B-Instruct-answermean,high_confidence_wrong; raw_vs_conservative_disagreement,assistant-assisted no lexical overlap with accepted aliases,no
squad-validation-733,squad_validation_1000,test,Who tipped Peyton's pass for an interception?,"On Carolina's next possession fullback Mike Tolbert lost a fumble while being tackled by safety Darian Stewart, which linebacker Danny Trevathan recovered on the Broncos 40-yard line. However, the Panthers soon took the ball back when defensive end Kony Ealy tipped a Manning pass to himself and then intercepted it, returning the ball 19 yards to the Panthers 39-yard line with 1:55 left on the clock. The Panthers could not gain any yards with their possession and had to punt. After a Denver punt, Carolina drove to the Broncos 45-yard line. But with 11 seconds left, Newton was sacked by DeMarcus Ware as time expired in the half.",Kony Ealy | Ealy,Danny Trevathan,0,0,0.852272520709232,0.09015515525922033,0.09015515525922033,0.3915538197695403,answer_mean,freegpu-squad1000-Qwen_Qwen2.5-0.5B-Instruct-answermean,high_confidence_wrong; raw_vs_conservative_disagreement,assistant-assisted no lexical overlap with accepted aliases,no
squad-validation-738,squad_validation_1000,test,"Who intercepted a Manning pass, giving the ball back to the Panthers?","On Carolina's next possession fullback Mike Tolbert lost a fumble while being tackled by safety Darian Stewart, which linebacker Danny Trevathan recovered on the Broncos 40-yard line. However, the Panthers soon took the ball back when defensive end Kony Ealy tipped a Manning pass to himself and then intercepted it, returning the ball 19 yards to the Panthers 39-yard line with 1:55 left on the clock. The Panthers could not gain any yards with their possession and had to punt. After a Denver punt, Carolina drove to the Broncos 45-yard line. But with 11 seconds left, Newton was sacked by DeMarcus Ware as time expired in the half.",Kony Ealy | Ealy,Danny Trevathan,0,0,0.9717989348582979,0.19731522034085078,0.19731522034085078,0.4103271032893579,answer_mean,freegpu-squad1000-Qwen_Qwen2.5-0.5B-Instruct-answermean,high_confidence_wrong; raw_vs_conservative_disagreement,assistant-assisted no lexical overlap with accepted aliases,no
squad-validation-473,squad_validation_1000,test,What did the Moscone Center host?,"The annual NFL Experience was held at the Moscone Center in San Francisco. In addition, ""Super Bowl City"" opened on January 30 at Justin Herman Plaza on The Embarcadero, featuring games and activities that will highlight the Bay Area's technology, culinary creations, and cultural diversity. More than 1 million people are expected to attend the festivities in San Francisco during Super Bowl Week. San Francisco mayor Ed Lee said of the highly visible homeless presence in this area ""they are going to have to leave"". San Francisco city supervisor Jane Kim unsuccessfully lobbied for the NFL to reimburse San Francisco for city services in the amount of $5 million.",The annual NFL Experience | NFL Experience,The annual NFL Experience,1,1,0.7042704394689353,0.3240853057848855,0.3240853057848855,0.42430347693588094,answer_mean,freegpu-squad1000-Qwen_Qwen2.5-0.5B-Instruct-answermean,low_confidence_correct_sample,assistant-assisted exact alias match: The annual NFL Experience,no
squad-validation-352,squad_validation_1000,test,Who is the General Manager for the Broncos?,"Peyton Manning became the first quarterback ever to lead two different teams to multiple Super Bowls. He is also the oldest quarterback ever to play in a Super Bowl at age 39. The past record was held by John Elway, who led the Broncos to victory in Super Bowl XXXIII at age 38 and is currently Denver's Executive Vice President of Football Operations and General Manager.",John Elway | Elway,John Elway,1,1,0.8984558554567312,0.16472867441960484,0.16472867441960484,0.40574897460808335,answer_mean,freegpu-squad1000-Qwen_Qwen2.5-0.5B-Instruct-answermean,low_confidence_correct_sample; raw_vs_conservative_disagreement,assistant-assisted exact alias match: John Elway,no
squad-validation-363,squad_validation_1000,test,When was Manning picked #1 in the NFL Draft?,"This was the first Super Bowl to feature a quarterback on both teams who was the #1 pick in their draft classes. Manning was the #1 selection of the 1998 NFL draft, while Newton was picked first in 2011. The matchup also pits the top two picks of the 2011 draft against each other: Newton for Carolina and Von Miller for Denver. Manning and Newton also set the record for the largest age difference between opposing Super Bowl quarterbacks at 13 years and 48 days (Manning was 39, Newton was 26).",1998,1998,1,1,0.996463183411089,0.4546331523825242,0.4546331523825242,0.4359672909179796,answer_mean,freegpu-squad1000-Qwen_Qwen2.5-0.5B-Instruct-answermean,low_confidence_correct_sample; raw_vs_conservative_disagreement,assistant-assisted exact alias match: 1998,no
squad-validation-470,squad_validation_1000,test,How many people are likely to visit Justin Herman Plaza during the week of the Super Bowl?,"The annual NFL Experience was held at the Moscone Center in San Francisco. In addition, ""Super Bowl City"" opened on January 30 at Justin Herman Plaza on The Embarcadero, featuring games and activities that will highlight the Bay Area's technology, culinary creations, and cultural diversity. More than 1 million people are expected to attend the festivities in San Francisco during Super Bowl Week. San Francisco mayor Ed Lee said of the highly visible homeless presence in this area ""they are going to have to leave"". San Francisco city supervisor Jane Kim unsuccessfully lobbied for the NFL to reimburse San Francisco for city services in the amount of $5 million.",More than 1 million | 1 million,more than 1 million,1,1,0.9085402421084179,0.001177826441179074,0.001177826441179074,0.30533253395317667,answer_mean,freegpu-squad1000-Qwen_Qwen2.5-0.5B-Instruct-answermean,low_confidence_correct_sample; raw_vs_conservative_disagreement,assistant-assisted exact alias match: More than 1 million,no
squad-validation-505,squad_validation_1000,test,How much money has been raised by the host committee?,"For the first time, the Super Bowl 50 Host Committee and the NFL have openly sought disabled veteran and lesbian, gay, bisexual and transgender-owned businesses in Business Connect, the Super Bowl program that provides local companies with contracting opportunities in and around the Super Bowl. The host committee has already raised over $40 million through sponsors including Apple, Google, Yahoo!, Intel, Gap, Chevron, and Dignity Health.",$40 million | over $40 million,$40 million,1,1,0.8700960049763158,0.20910468277083194,0.20910468277083194,0.4118440688269829,answer_mean,freegpu-squad1000-Qwen_Qwen2.5-0.5B-Instruct-answermean,low_confidence_correct_sample; raw_vs_conservative_disagreement,assistant-assisted exact alias match: $40 million,no
squad-validation-665,squad_validation_1000,test,What award has Marlee Matlin won?,"Six-time Grammy winner and Academy Award nominee Lady Gaga performed the national anthem, while Academy Award winner Marlee Matlin provided American Sign Language (ASL) translation.",Academy Award,Academy Award for Best Original Song in a Musical or,1,1,0.6219231375130999,0.0013539952603573778,0.0013539952603573778,0.3078853912775,answer_mean,freegpu-squad1000-Qwen_Qwen2.5-0.5B-Instruct-answermean,low_confidence_correct_sample; raw_vs_conservative_disagreement,assistant-assisted contained alias match: Academy Award,no
squad-validation-696,squad_validation_1000,test,Which team had the first kickoff?,"Denver took the opening kickoff and started out strong with Peyton Manning completing an 18-yard pass to tight end Owen Daniels and a 22-yard throw to receiver Andre Caldwell. A pair of carries by C. J. Anderson moved the ball up 20 yards to the Panthers 14-yard line, but Carolina's defense dug in over the next three plays. First, linebacker Shaq Thompson tackled Ronnie Hillman for a 3-yard loss. Then after an incompletion, Thomas Davis tackled Anderson for a 1-yard gain on third down, forcing Denver to settle for a 3–0 lead on a Brandon McManus 34-yard field goal. The score marked the first time in the entire postseason that Carolina was facing a deficit.",Denver | Carolina,Denver,1,1,0.9634639235850735,0.4732539832971698,0.4732539832971698,0.43755217912602967,answer_mean,freegpu-squad1000-Qwen_Qwen2.5-0.5B-Instruct-answermean,low_confidence_correct_sample; raw_vs_conservative_disagreement,assistant-assisted exact alias match: Denver,no
squad-validation-794,squad_validation_1000,test,How many intercpetions did Newton have in Super Bowl 50?,"Manning finished the game 13 of 23 for 141 yards with one interception and zero touchdowns. Sanders was his top receiver with six receptions for 83 yards. Anderson was the game's leading rusher with 90 yards and a touchdown, along with four receptions for 10 yards. Miller had six total tackles (five solo), 2½ sacks, and two forced fumbles. Ware had five total tackles and two sacks. Ward had seven total tackles, a fumble recovery, and an interception. McManus made all four of his field goals, making him perfect on all 11 attempts during the post-season. Newton completed 18 of 41 passes for 265 yards, with one interception. He was also the team's leading rusher with 45 yards on six carries. Brown caught four passes for 80 yards, while Ginn had four receptions for 74. Ealy was the top defensive performer for Carolina with four total tackles, three sacks, a forced fumble, a fumble recovery, and an interception. Defensive End Charles Johnson had four total tackles, a sack, and a forced fumble. Linebacker Luke Kuechly had 11 total tackles, while Thomas Davis had seven, despite playing just two weeks after breaking his right arm in the NFC title game.",one,one,1,1,0.7416141146278827,0.0527009043620852,0.0527009043620852,0.3797876110218029,answer_mean,freegpu-squad1000-Qwen_Qwen2.5-0.5B-Instruct-answermean,low_confidence_correct_sample; raw_vs_conservative_disagreement,assistant-assisted exact alias match: one,no
squad-validation-890,squad_validation_1000,test,Where did two of Triton's daughters set out on a journey through?,"The origin of the legendary figure is not fully known. The best-known legend, by Artur Oppman, is that long ago two of Triton's daughters set out on a journey through the depths of the oceans and seas. One of them decided to stay on the coast of Denmark and can be seen sitting at the entrance to the port of Copenhagen. The second mermaid reached the mouth of the Vistula River and plunged into its waters. She stopped to rest on a sandy beach by the village of Warszowa, where fishermen came to admire her beauty and listen to her beautiful voice. A greedy merchant also heard her songs; he followed the fishermen and captured the mermaid.",depths of the oceans and seas,the depths of the oceans and seas,1,1,0.8303571545771845,0.0010434320058819936,0.0010434320058819936,0.30312362619621513,answer_mean,freegpu-squad1000-Qwen_Qwen2.5-0.5B-Instruct-answermean,low_confidence_correct_sample; raw_vs_conservative_disagreement,assistant-assisted exact alias match: depths of the oceans and seas,no
squad-validation-992,squad_validation_1000,test,What building is the most interesting of the late 19th-century architecture?,"Exceptional examples of the bourgeois architecture of the later periods were not restored by the communist authorities after the war (like mentioned Kronenberg Palace and Insurance Company Rosja building) or they were rebuilt in socialist realism style (like Warsaw Philharmony edifice originally inspired by Palais Garnier in Paris). Despite that the Warsaw University of Technology building (1899–1902) is the most interesting of the late 19th-century architecture. Some 19th-century buildings in the Praga district (the Vistula’s right bank) have been restored although many have been poorly maintained. Warsaw’s municipal government authorities have decided to rebuild the Saxon Palace and the Brühl Palace, the most distinctive buildings in prewar Warsaw.",Warsaw University of Technology building | Warsaw University of Technology,Warsaw University of Technology building,1,1,0.8723588886853246,0.15254548083261849,0.15254548083261849,0.4038559969445503,answer_mean,freegpu-squad1000-Qwen_Qwen2.5-0.5B-Instruct-answermean,low_confidence_correct_sample; raw_vs_conservative_disagreement,assistant-assisted exact alias match: Warsaw University of Technology building,no
squad-validation-271,squad_validation_1000,test,How many picks did Peyton Manning throw in the season?,"Manning finished the year with a career-low 67.9 passer rating, throwing for 2,249 yards and nine touchdowns, with 17 interceptions. In contrast, Osweiler threw for 1,967 yards, 10 touchdowns and six interceptions for a rating of 86.4. Veteran receiver Demaryius Thomas led the team with 105 receptions for 1,304 yards and six touchdowns, while Emmanuel Sanders caught 76 passes for 1,135 yards and six scores, while adding another 106 yards returning punts. Tight end Owen Daniels was also a big element of the passing game with 46 receptions for 517 yards. Running back C. J. Anderson was the team's leading rusher 863 yards and seven touchdowns, while also catching 25 passes for 183 yards. Running back Ronnie Hillman also made a big impact with 720 yards, five touchdowns, 24 receptions, and a 4.7 yards per carry average. Overall, the offense ranked 19th in scoring with 355 points and did not have any Pro Bowl selections.",17,six,0,0,0.388369714797206,0.0013452794516823265,0.0013452794516823265,0.3077668452124913,answer_mean,freegpu-squad1000-Qwen_Qwen2.5-0.5B-Instruct-answermean,low_confidence_incorrect_sample,assistant-assisted no lexical overlap with accepted aliases,no
squad-validation-990,squad_validation_1000,test,Why aren't the examples of bouregois architecture visible today?,"Exceptional examples of the bourgeois architecture of the later periods were not restored by the communist authorities after the war (like mentioned Kronenberg Palace and Insurance Company Rosja building) or they were rebuilt in socialist realism style (like Warsaw Philharmony edifice originally inspired by Palais Garnier in Paris). Despite that the Warsaw University of Technology building (1899–1902) is the most interesting of the late 19th-century architecture. Some 19th-century buildings in the Praga district (the Vistula’s right bank) have been restored although many have been poorly maintained. Warsaw’s municipal government authorities have decided to rebuild the Saxon Palace and the Brühl Palace, the most distinctive buildings in prewar Warsaw.",not restored by the communist authorities | were not restored | not restored by the communist authorities after the war,to restore,0,0,0.2743005904359575,0.011064854160782204,0.011064854160782204,0.3478636627075235,answer_mean,freegpu-squad1000-Qwen_Qwen2.5-0.5B-Instruct-answermean,low_confidence_incorrect_sample,assistant-assisted no lexical overlap with accepted aliases,no
squad-validation-223,squad_validation_1000,test,What are the most passes that Greg Olsen has had?,"The Panthers offense, which led the NFL in scoring (500 points), was loaded with talent, boasting six Pro Bowl selections. Pro Bowl quarterback Cam Newton had one of his best seasons, throwing for 3,837 yards and rushing for 636, while recording a career-high and league-leading 45 total touchdowns (35 passing, 10 rushing), a career-low 10 interceptions, and a career-best quarterback rating of 99.4. Newton's leading receivers were tight end Greg Olsen, who caught a career-high 77 passes for 1,104 yards and seven touchdowns, and wide receiver Ted Ginn, Jr., who caught 44 passes for 739 yards and 10 touchdowns; Ginn also rushed for 60 yards and returned 27 punts for 277 yards. Other key receivers included veteran Jerricho Cotchery (39 receptions for 485 yards), rookie Devin Funchess (31 receptions for 473 yards and five touchdowns), and second-year receiver Corey Brown (31 receptions for 447 yards). The Panthers backfield featured Pro Bowl running back Jonathan Stewart, who led the team with 989 rushing yards and six touchdowns in 13 games, along with Pro Bowl fullback Mike Tolbert, who rushed for 256 yards and caught 18 passes for another 154 yards. Carolina's offensive line also featured two Pro Bowl selections: center Ryan Kalil and guard Trai Turner.",77 passes | 77,1104,0,0,0.783845511273344,0.1500468655935381,0.1500468655935381,0.4034529837631106,answer_mean,freegpu-squad1000-Qwen_Qwen2.5-0.5B-Instruct-answermean,low_confidence_incorrect_sample; raw_vs_conservative_disagreement,assistant-assisted no lexical overlap with accepted aliases,no
squad-validation-643,squad_validation_1000,test,What two radio stations in Denver carried Super Bowl 50?,"The flagship stations of each station in the markets of each team will carry their local play-by-play calls. In Denver, KOA (850 AM) and KRFX (103.5 FM) will carry the game, with Dave Logan on play-by-play and Ed McCaffrey on color commentary. In North Carolina, WBT (1110 AM) will carry the game, with Mick Mixon on play-by-play and Eugene Robinson and Jim Szoke on color commentary. WBT will also simulcast the game on its sister station WBT-FM (99.3 FM), which is based in Chester, South Carolina. As KOA and WBT are both clear-channel stations, the local broadcasts will be audible over much of the western United States after sunset (for Denver) and the eastern United States throughout the game (for Carolina). In accordance with contractual rules, the rest of the stations in the Broncos and Panthers radio networks will either carry the Westwood One feed or not carry the game at all.",KOA (850 AM) and KRFX (103.5 FM),"KOA, KRFX",0,1,0.794811708703039,0.05853155709528702,0.05853155709528702,0.38204189386521364,answer_mean,freegpu-squad1000-Qwen_Qwen2.5-0.5B-Instruct-answermean,low_confidence_incorrect_sample; raw_vs_conservative_disagreement,"assistant semantic review: KOA and KRFX matches the accepted Denver stations, omitting frequencies only.",yes
squad-validation-773,squad_validation_1000,test,Which player was criticized for not jumping into the pile to recover the ball?,"With 4:51 left in regulation, Carolina got the ball on their own 24-yard line with a chance to mount a game-winning drive, and soon faced 3rd-and-9. On the next play, Miller stripped the ball away from Newton, and after several players dove for it, it took a long bounce backwards and was recovered by Ward, who returned it five yards to the Panthers 4-yard line. Although several players dove into the pile to attempt to recover it, Newton did not and his lack of aggression later earned him heavy criticism. Meanwhile, Denver's offense was kept out of the end zone for three plays, but a holding penalty on cornerback Josh Norman gave the Broncos a new set of downs. Then Anderson scored on a 2-yard touchdown run and Manning completed a pass to Bennie Fowler for a 2-point conversion, giving Denver a 24–10 lead with 3:08 left and essentially putting the game away. Carolina had two more drives, but failed to get a first down on each one.",Newton,Miller,0,0,0.6373781079908827,0.13217345162193136,0.13217345162193136,0.4003994628450691,answer_mean,freegpu-squad1000-Qwen_Qwen2.5-0.5B-Instruct-answermean,low_confidence_incorrect_sample; raw_vs_conservative_disagreement,assistant-assisted no lexical overlap with accepted aliases,no
squad-validation-117,squad_validation_1000,test,Which Louisiana venue was one of three considered for Super Bowl 50?,"The league eventually narrowed the bids to three sites: New Orleans' Mercedes-Benz Superdome, Miami's Sun Life Stadium, and the San Francisco Bay Area's Levi's Stadium.",New Orleans' Mercedes-Benz Superdome | Mercedes-Benz Superdome,New Orleans' Mercedes-Benz Superdome,1,1,0.8848791200581011,0.38504443609832706,0.38504443609832706,0.4299216131675418,answer_mean,freegpu-squad1000-Qwen_Qwen2.5-0.5B-Instruct-answermean,raw_vs_conservative_disagreement,assistant-assisted exact alias match: New Orleans' Mercedes-Benz Superdome,no
squad-validation-127,squad_validation_1000,test,"One of the sites, Merceds-Benz Superdome, is located where?","The league eventually narrowed the bids to three sites: New Orleans' Mercedes-Benz Superdome, Miami's Sun Life Stadium, and the San Francisco Bay Area's Levi's Stadium.",New Orleans | New Orleans',New Orleans,1,1,0.8889151858754197,0.00019576326168610475,0.00019576326168610475,0.2735843503249016,answer_mean,freegpu-squad1000-Qwen_Qwen2.5-0.5B-Instruct-answermean,raw_vs_conservative_disagreement,assistant-assisted exact alias match: New Orleans,no
squad-validation-161,squad_validation_1000,test,On what date was Super Bowl 50 given to Levi's Stadium?,"On May 21, 2013, NFL owners at their spring meetings in Boston voted and awarded the game to Levi's Stadium. The $1.2 billion stadium opened in 2014. It is the first Super Bowl held in the San Francisco Bay Area since Super Bowl XIX in 1985, and the first in California since Super Bowl XXXVII took place in San Diego in 2003.","May 21, 2013 | May 21, 2013,","May 21, 2013",1,1,0.9896522402791982,0.581476701608392,0.581476701608392,0.44680296617020926,answer_mean,freegpu-squad1000-Qwen_Qwen2.5-0.5B-Instruct-answermean,raw_vs_conservative_disagreement,"assistant-assisted exact alias match: May 21, 2013",no
squad-validation-214,squad_validation_1000,test,What team had the best start ever in the NFL?,"Despite waiving longtime running back DeAngelo Williams and losing top wide receiver Kelvin Benjamin to a torn ACL in the preseason, the Carolina Panthers had their best regular season in franchise history, becoming the seventh team to win at least 15 regular season games since the league expanded to a 16-game schedule in 1978. Carolina started the season 14–0, not only setting franchise records for the best start and the longest single-season winning streak, but also posting the best start to a season by an NFC team in NFL history, breaking the 13–0 record previously shared with the 2009 New Orleans Saints and the 2011 Green Bay Packers. With their NFC-best 15–1 regular season record, the Panthers clinched home-field advantage throughout the NFC playoffs for the first time in franchise history. Ten players were selected to the Pro Bowl (the most in franchise history) along with eight All-Pro selections.",Carolina Panthers | the Panthers | Carolina,The Carolina Panthers,1,1,0.6673235335677192,0.011583661230421633,0.011583661230421633,0.34876880247953584,answer_mean,freegpu-squad1000-Qwen_Qwen2.5-0.5B-Instruct-answermean,raw_vs_conservative_disagreement,assistant-assisted exact alias match: Carolina Panthers,no
squad-validation-234,squad_validation_1000,test,What was Newton's quarterback rating for 2015?,"The Panthers offense, which led the NFL in scoring (500 points), was loaded with talent, boasting six Pro Bowl selections. Pro Bowl quarterback Cam Newton had one of his best seasons, throwing for 3,837 yards and rushing for 636, while recording a career-high and league-leading 45 total touchdowns (35 passing, 10 rushing), a career-low 10 interceptions, and a career-best quarterback rating of 99.4. Newton's leading receivers were tight end Greg Olsen, who caught a career-high 77 passes for 1,104 yards and seven touchdowns, and wide receiver Ted Ginn, Jr., who caught 44 passes for 739 yards and 10 touchdowns; Ginn also rushed for 60 yards and returned 27 punts for 277 yards. Other key receivers included veteran Jerricho Cotchery (39 receptions for 485 yards), rookie Devin Funchess (31 receptions for 473 yards and five touchdowns), and second-year receiver Corey Brown (31 receptions for 447 yards). The Panthers backfield featured Pro Bowl running back Jonathan Stewart, who led the team with 989 rushing yards and six touchdowns in 13 games, along with Pro Bowl fullback Mike Tolbert, who rushed for 256 yards and caught 18 passes for another 154 yards. Carolina's offensive line also featured two Pro Bowl selections: center Ryan Kalil and guard Trai Turner.",99.4. | 99.4,99.4,1,1,0.9764853269525533,0.5521630479000381,0.5521630479000381,0.4442647133642364,answer_mean,freegpu-squad1000-Qwen_Qwen2.5-0.5B-Instruct-answermean,raw_vs_conservative_disagreement,assistant-assisted exact alias match: 99.4.,no
squad-validation-269,squad_validation_1000,test,Who was the defensive coordinator for the Broncos in 2015?,"Following their loss in the divisional round of the previous season's playoffs, the Denver Broncos underwent numerous coaching changes, including a mutual parting with head coach John Fox (who had won four divisional championships in his four years as Broncos head coach), and the hiring of Gary Kubiak as the new head coach. Under Kubiak, the Broncos planned to install a run-oriented offense with zone blocking to blend in with quarterback Peyton Manning's shotgun passing skills, but struggled with numerous changes and injuries to the offensive line, as well as Manning having his worst statistical season since his rookie year with the Indianapolis Colts in 1998, due to a plantar fasciitis injury in his heel that he had suffered since the summer, and the simple fact that Manning was getting old, as he turned 39 in the 2015 off-season. Although the team had a 7–0 start, Manning led the NFL in interceptions. In week 10, Manning suffered a partial tear of the plantar fasciitis in his left foot. He set the NFL's all-time record for career passing yards in this game, but was benched after throwing four interceptions in favor of backup quarterback Brock Osweiler, who took over as the starter for most of the remainder of the regular season. Osweiler was injured, however, leading to Manning's return during the Week 17 regular season finale, where the Broncos were losing 13–7 against the 4–11 San Diego Chargers, resulting in Manning re-claiming the starting quarterback position for the playoffs by leading the team to a key 27–20 win that enabled the team to clinch the number one overall AFC seed. Under defensive coordinator Wade Phillips, the Broncos' defense ranked number one in total yards allowed, passing yards allowed and sacks, and like the previous three seasons, the team has continued to set numerous individual, league and franchise records. With the defense carrying the team despite the issues with the offense, the Broncos finished the regular season with a 12–4 record and earned home-field advantage throughout the AFC playoffs.",Wade Phillips | Phillips,Wade Phillipсы,0,1,0.6750784960383197,9.372851865099701e-05,9.372851865099701e-05,0.261171585679894,answer_mean,freegpu-squad1000-Qwen_Qwen2.5-0.5B-Instruct-answermean,raw_vs_conservative_disagreement,assistant-assisted contained alias match: Wade Phillips,yes
squad-validation-274,squad_validation_1000,test,How many touchdowns did Brock Osweiler throw in the season?,"Manning finished the year with a career-low 67.9 passer rating, throwing for 2,249 yards and nine touchdowns, with 17 interceptions. In contrast, Osweiler threw for 1,967 yards, 10 touchdowns and six interceptions for a rating of 86.4. Veteran receiver Demaryius Thomas led the team with 105 receptions for 1,304 yards and six touchdowns, while Emmanuel Sanders caught 76 passes for 1,135 yards and six scores, while adding another 106 yards returning punts. Tight end Owen Daniels was also a big element of the passing game with 46 receptions for 517 yards. Running back C. J. Anderson was the team's leading rusher 863 yards and seven touchdowns, while also catching 25 passes for 183 yards. Running back Ronnie Hillman also made a big impact with 720 yards, five touchdowns, 24 receptions, and a 4.7 yards per carry average. Overall, the offense ranked 19th in scoring with 355 points and did not have any Pro Bowl selections.",10,9,0,0,0.6870674734624368,0.029706241440431116,0.029706241440431116,0.3677604647570995,answer_mean,freegpu-squad1000-Qwen_Qwen2.5-0.5B-Instruct-answermean,raw_vs_conservative_disagreement,assistant-assisted no lexical overlap with accepted aliases,no
squad-validation-300,squad_validation_1000,test,Who forced four fumbles for the Broncos in the 2015 season?,"The Broncos' defense ranked first in the NFL yards allowed (4,530) for the first time in franchise history, and fourth in points allowed (296). Defensive ends Derek Wolfe and Malik Jackson each had 5½ sacks. Pro Bowl linebacker Von Miller led the team with 11 sacks, forced four fumbles, and recovered three. Linebacker DeMarcus Ware was selected to play in the Pro Bowl for the ninth time in his career, ranking second on the team with 7½ sacks. Linebacker Brandon Marshall led the team in total tackles with 109, while Danny Trevathan ranked second with 102. Cornerbacks Aqib Talib (three interceptions) and Chris Harris, Jr. (two interceptions) were the other two Pro Bowl selections from the defense.",Von Miller | Miller,Malik Jackson,0,0,0.7642154692388631,5.188713201511269e-05,5.188713201511269e-05,0.25147361022393655,answer_mean,freegpu-squad1000-Qwen_Qwen2.5-0.5B-Instruct-answermean,raw_vs_conservative_disagreement,assistant-assisted no lexical overlap with accepted aliases,no
squad-validation-373,squad_validation_1000,test,Newton was the number one pick in which draft?,"This was the first Super Bowl to feature a quarterback on both teams who was the #1 pick in their draft classes. Manning was the #1 selection of the 1998 NFL draft, while Newton was picked first in 2011. The matchup also pits the top two picks of the 2011 draft against each other: Newton for Carolina and Von Miller for Denver. Manning and Newton also set the record for the largest age difference between opposing Super Bowl quarterbacks at 13 years and 48 days (Manning was 39, Newton was 26).",2011,NFL draft,0,0,0.7436577057025842,0.008074489673798577,0.008074489673798577,0.3416814371761896,answer_mean,freegpu-squad1000-Qwen_Qwen2.5-0.5B-Instruct-answermean,raw_vs_conservative_disagreement,assistant-assisted no lexical overlap with accepted aliases,no
squad-validation-390,squad_validation_1000,test,What team did Justin Tucker play for?,"Concerns were raised over whether Levi's Stadium's field was of a high enough quality to host a Super Bowl; during the inaugural season, the field had to be re-sodded multiple times due to various issues, and during a week 6 game earlier in the 2015 season, a portion of the turf collapsed under Baltimore Ravens kicker Justin Tucker, causing him to slip and miss a field goal, although the field has not had any major issues since. As is customary for Super Bowl games played at natural grass stadiums, the NFL re-sodded the field with a new playing surface; a hybrid Bermuda 419 turf. NFL and Atlanta Braves field director Ed Mangan stated that the field was in ""great shape"" for gameday. However, the turf showed problem throughout the game, with a number of players needing to change their cleats during the game and player slipping during plays all throughout the game.",Baltimore Ravens | Ravens,Baltimore Ravens,1,1,0.9563296825201967,0.014852257658920325,0.014852257658920325,0.35370671483691835,answer_mean,freegpu-squad1000-Qwen_Qwen2.5-0.5B-Instruct-answermean,raw_vs_conservative_disagreement,assistant-assisted exact alias match: Baltimore Ravens,no
squad-validation-410,squad_validation_1000,test,What jersey did the Broncos wear for Super Bowl 50?,"As the designated home team in the annual rotation between AFC and NFC teams, the Broncos elected to wear their road white jerseys with matching white pants. Elway stated, ""We've had Super Bowl success in our white uniforms."" The Broncos last wore matching white jerseys and pants in the Super Bowl in Super Bowl XXXIII, Elway's last game as Denver QB, when they defeated the Atlanta Falcons 34–19. In their only other Super Bowl win in Super Bowl XXXII, Denver wore blue jerseys, which was their primary color at the time. They also lost Super Bowl XXI when they wore white jerseys, but they are 0-4 in Super Bowls when wearing orange jerseys, losing in Super Bowl XII, XXII, XXIV, and XLVIII. The only other AFC champion team to have worn white as the designated home team in the Super Bowl was the Pittsburgh Steelers; they defeated the Seattle Seahawks 21–10 in Super Bowl XL 10 seasons prior. The Broncos' decision to wear white meant the Panthers would wear their standard home uniform: black jerseys with silver pants.",road white jerseys | matching white | white,white,1,1,0.51562575667077,0.02887812151422936,0.02887812151422936,0.36717799755898656,answer_mean,freegpu-squad1000-Qwen_Qwen2.5-0.5B-Instruct-answermean,raw_vs_conservative_disagreement,assistant-assisted contained alias match: road white jerseys,no
squad-validation-44,squad_validation_1000,test,Which team did not get a chance to defend their Super Bowl XLIX win in Super Bowl 50?,"The Panthers finished the regular season with a 15–1 record, and quarterback Cam Newton was named the NFL Most Valuable Player (MVP). They defeated the Arizona Cardinals 49–15 in the NFC Championship Game and advanced to their second Super Bowl appearance since the franchise was founded in 1995. The Broncos finished the regular season with a 12–4 record, and denied the New England Patriots a chance to defend their title from Super Bowl XLIX by defeating them 20–18 in the AFC Championship Game. They joined the Patriots, Dallas Cowboys, and Pittsburgh Steelers as one of four teams that have made eight appearances in the Super Bowl.",New England Patriots | the New England Patriots,New England Patriots,1,1,0.8753167230172024,0.13312288541307812,0.13312288541307812,0.40056993119860135,answer_mean,freegpu-squad1000-Qwen_Qwen2.5-0.5B-Instruct-answermean,raw_vs_conservative_disagreement,assistant-assisted exact alias match: New England Patriots,no
squad-validation-46,squad_validation_1000,test,Who did Carolina beat in the NFC championship game?,"The Panthers finished the regular season with a 15–1 record, and quarterback Cam Newton was named the NFL Most Valuable Player (MVP). They defeated the Arizona Cardinals 49–15 in the NFC Championship Game and advanced to their second Super Bowl appearance since the franchise was founded in 1995. The Broncos finished the regular season with a 12–4 record, and denied the New England Patriots a chance to defend their title from Super Bowl XLIX by defeating them 20–18 in the AFC Championship Game. They joined the Patriots, Dallas Cowboys, and Pittsburgh Steelers as one of four teams that have made eight appearances in the Super Bowl.",Arizona Cardinals | the Arizona Cardinals,New England Patriots,0,0,0.6909258738505772,0.11106329789444654,0.11106329789444654,0.3963156204448952,answer_mean,freegpu-squad1000-Qwen_Qwen2.5-0.5B-Instruct-answermean,raw_vs_conservative_disagreement,assistant-assisted no lexical overlap with accepted aliases,no
squad-validation-565,squad_validation_1000,test,On what game console was the CBS Sports app available?,"CBS provided digital streams of the game via CBSSports.com, and the CBS Sports apps on tablets, Windows 10, Xbox One and other digital media players (such as Chromecast and Roku). Due to Verizon Communications exclusivity, streaming on smartphones was only provided to Verizon Wireless customers via the NFL Mobile service. The ESPN Deportes Spanish broadcast was made available through WatchESPN.",Xbox One,Xbox One,1,1,0.8281944998682774,0.0013746776055289886,0.0013746776055289886,0.3081637747151627,answer_mean,freegpu-squad1000-Qwen_Qwen2.5-0.5B-Instruct-answermean,raw_vs_conservative_disagreement,assistant-assisted exact alias match: Xbox One,no
squad-validation-704,squad_validation_1000,test,Which player recovered possession of the ball in the end zone?,"After each team punted, Panthers quarterback Cam Newton appeared to complete a 24-yard pass Jerricho Cotchery, but the call was ruled an incompletion and upheld after a replay challenge. CBS analyst and retired referee Mike Carey stated he disagreed with the call and felt the review clearly showed the pass was complete. A few plays later, on 3rd-and-10 from the 15-yard line, linebacker Von Miller knocked the ball out of Newton's hands while sacking him, and Malik Jackson recovered it in the end zone for a Broncos touchdown, giving the team a 10–0 lead. This was the first fumble return touchdown in a Super Bowl since Super Bowl XXVIII at the end of the 1993 season.",Malik Jackson | Jackson,Malik Jackson,1,1,0.9875059325493512,0.2826923609505977,0.2826923609505977,0.42018782271652233,answer_mean,freegpu-squad1000-Qwen_Qwen2.5-0.5B-Instruct-answermean,raw_vs_conservative_disagreement,assistant-assisted exact alias match: Malik Jackson,no
squad-validation-73,squad_validation_1000,test,Which Newton turnover resulted in seven points for Denver?,"The Broncos took an early lead in Super Bowl 50 and never trailed. Newton was limited by Denver's defense, which sacked him seven times and forced him into three turnovers, including a fumble which they recovered for a touchdown. Denver linebacker Von Miller was named Super Bowl MVP, recording five solo tackles, 2½ sacks, and two forced fumbles.",a fumble | fumble,fumble,1,1,0.9668523623792732,0.2434702543135634,0.2434702543135634,0.41594703503010155,answer_mean,freegpu-squad1000-Qwen_Qwen2.5-0.5B-Instruct-answermean,raw_vs_conservative_disagreement,assistant-assisted exact alias match: a fumble,no
squad-validation-777,squad_validation_1000,test,What was the last name of the player who took the ball away from Newton late in the fourth quarter?,"With 4:51 left in regulation, Carolina got the ball on their own 24-yard line with a chance to mount a game-winning drive, and soon faced 3rd-and-9. On the next play, Miller stripped the ball away from Newton, and after several players dove for it, it took a long bounce backwards and was recovered by Ward, who returned it five yards to the Panthers 4-yard line. Although several players dove into the pile to attempt to recover it, Newton did not and his lack of aggression later earned him heavy criticism. Meanwhile, Denver's offense was kept out of the end zone for three plays, but a holding penalty on cornerback Josh Norman gave the Broncos a new set of downs. Then Anderson scored on a 2-yard touchdown run and Manning completed a pass to Bennie Fowler for a 2-point conversion, giving Denver a 24–10 lead with 3:08 left and essentially putting the game away. Carolina had two more drives, but failed to get a first down on each one.",Miller,Anderson,0,0,0.7295765226255179,0.03727403356923765,0.03727403356923765,0.37246940938530537,answer_mean,freegpu-squad1000-Qwen_Qwen2.5-0.5B-Instruct-answermean,raw_vs_conservative_disagreement,assistant-assisted no lexical overlap with accepted aliases,no
squad-validation-787,squad_validation_1000,test,How many touchdowns did Manning have at the end of the game?,"Manning finished the game 13 of 23 for 141 yards with one interception and zero touchdowns. Sanders was his top receiver with six receptions for 83 yards. Anderson was the game's leading rusher with 90 yards and a touchdown, along with four receptions for 10 yards. Miller had six total tackles (five solo), 2½ sacks, and two forced fumbles. Ware had five total tackles and two sacks. Ward had seven total tackles, a fumble recovery, and an interception. McManus made all four of his field goals, making him perfect on all 11 attempts during the post-season. Newton completed 18 of 41 passes for 265 yards, with one interception. He was also the team's leading rusher with 45 yards on six carries. Brown caught four passes for 80 yards, while Ginn had four receptions for 74. Ealy was the top defensive performer for Carolina with four total tackles, three sacks, a forced fumble, a fumble recovery, and an interception. Defensive End Charles Johnson had four total tackles, a sack, and a forced fumble. Linebacker Luke Kuechly had 11 total tackles, while Thomas Davis had seven, despite playing just two weeks after breaking his right arm in the NFC title game.",zero,1,0,0,0.7775419937583659,0.017375094479850802,0.017375094479850802,0.3568490408267999,answer_mean,freegpu-squad1000-Qwen_Qwen2.5-0.5B-Instruct-answermean,raw_vs_conservative_disagreement,assistant-assisted no lexical overlap with accepted aliases,no
squad-validation-826,squad_validation_1000,test,How many of Warsaw's inhabitants spoke Polish in 1933?,"Demographically, it was the most diverse city in Poland, with significant numbers of foreign-born inhabitants. In addition to the Polish majority, there was a significant Jewish minority in Warsaw. According to Russian census of 1897, out of the total population of 638,000, Jews constituted 219,000 (around 34% percent). Warsaw's prewar Jewish population of more than 350,000 constituted about 30 percent of the city's total population. In 1933, out of 1,178,914 inhabitants 833,500 were of Polish mother tongue. World War II changed the demographics of the city, and to this day there is much less ethnic diversity than in the previous 300 years of Warsaw's history. Most of the modern day population growth is based on internal migration and urbanisation.","833,500","833,500",1,1,0.8907713179608767,0.011810005611237498,0.011810005611237498,0.3491515354157012,answer_mean,freegpu-squad1000-Qwen_Qwen2.5-0.5B-Instruct-answermean,raw_vs_conservative_disagreement,"assistant-assisted exact alias match: 833,500",no
squad-validation-849,squad_validation_1000,test,What type of venue is the Teatr Wielki?,"Thanks to numerous musical venues, including the Teatr Wielki, the Polish National Opera, the Chamber Opera, the National Philharmonic Hall and the National Theatre, as well as the Roma and Buffo music theatres and the Congress Hall in the Palace of Culture and Science, Warsaw hosts many events and festivals. Among the events worth particular attention are: the International Frédéric Chopin Piano Competition, the International Contemporary Music Festival Warsaw Autumn, the Jazz Jamboree, Warsaw Summer Jazz Days, the International Stanisław Moniuszko Vocal Competition, the Mozart Festival, and the Festival of Old Music.",musical,musical theater,1,1,0.46153980105451065,0.0006485645906887478,0.0006485645906887478,0.29454464384558793,answer_mean,freegpu-squad1000-Qwen_Qwen2.5-0.5B-Instruct-answermean,raw_vs_conservative_disagreement,assistant-assisted contained alias match: musical,no
squad-validation-907,squad_validation_1000,test,Who moved his court from Kraków to Warsaw in 1596?,"The first historical reference to Warsaw dates back to the year 1313, at a time when Kraków served as the Polish capital city. Due to its central location between the Polish–Lithuanian Commonwealth's capitals of Kraków and Vilnius, Warsaw became the capital of the Commonwealth and of the Crown of the Kingdom of Poland when King Sigismund III Vasa moved his court from Kraków to Warsaw in 1596. After the Third Partition of Poland in 1795, Warsaw was incorporated into the Kingdom of Prussia. In 1806 during the Napoleonic Wars, the city became the official capital of the Grand Duchy of Warsaw, a puppet state of the First French Empire established by Napoleon Bonaparte. In accordance with the decisions of the Congress of Vienna, the Russian Empire annexed Warsaw in 1815 and it became part of the ""Congress Kingdom"". Only in 1918 did it regain independence from the foreign rule and emerge as a new capital of the independent Republic of Poland. The German invasion in 1939, the massacre of the Jewish population and deportations to concentration camps led to the uprising in the Warsaw ghetto in 1943 and to the major and devastating Warsaw Uprising between August and October 1944. Warsaw gained the title of the ""Phoenix City"" because it has survived many wars, conflicts and invasions throughout its long history. Most notably, the city required painstaking rebuilding after the extensive damage it suffered in World War II, which destroyed 85% of its buildings. On 9 November 1940, the city was awarded Poland's highest military decoration for heroism, the Virtuti Militari, during the Siege of Warsaw (1939).",King Sigismund III Vasa,King Sigismund III Vasa,1,1,0.9837022349840847,0.016454567473036596,0.016454567473036596,0.35575641483407267,answer_mean,freegpu-squad1000-Qwen_Qwen2.5-0.5B-Instruct-answermean,raw_vs_conservative_disagreement,assistant-assisted exact alias match: King Sigismund III Vasa,no
squad-validation-913,squad_validation_1000,test,What is a quarter of Warsaw filled with?,"The city is the seat of a Roman Catholic archdiocese (left bank of the Vistula) and diocese (right bank), and possesses various universities, most notably the Polish Academy of Sciences and the University of Warsaw, two opera houses, theatres, museums, libraries and monuments. The historic city-centre of Warsaw with its picturesque Old Town in 1980 was listed as a UNESCO World Heritage Site. Other main architectural attractions include the Castle Square with the Royal Castle and the iconic King Sigismund's Column, St. John's Cathedral, Market Square, palaces, churches and mansions all displaying a richness of colour and architectural detail. Buildings represent examples of nearly every European architectural style and historical period. Warsaw provides many examples of architecture from the gothic, renaissance, baroque and neoclassical periods, and around a quarter of the city is filled with luxurious parks and royal gardens.",luxurious parks and royal gardens,Royal gardens,0,1,0.5655098674562489,0.010060089280419921,0.010060089280419921,0.34598814535821415,answer_mean,freegpu-squad1000-Qwen_Qwen2.5-0.5B-Instruct-answermean,raw_vs_conservative_disagreement,assistant-assisted contained alias match: luxurious parks and royal gardens,yes
squad-validation-931,squad_validation_1000,test,Whose army liberated Warsaw in 1806?,"Warsaw remained the capital of the Polish–Lithuanian Commonwealth until 1796, when it was annexed by the Kingdom of Prussia to become the capital of the province of South Prussia. Liberated by Napoleon's army in 1806, Warsaw was made the capital of the newly created Duchy of Warsaw. Following the Congress of Vienna of 1815, Warsaw became the centre of the Congress Poland, a constitutional monarchy under a personal union with Imperial Russia. The Royal University of Warsaw was established in 1816.",Napoleon's,Napoleon's army,1,1,0.9072875647444653,0.07738979238806441,0.07738979238806441,0.3881440859159064,answer_mean,freegpu-squad1000-Qwen_Qwen2.5-0.5B-Instruct-answermean,raw_vs_conservative_disagreement,assistant-assisted contained alias match: Napoleon's,no
squad-validation-983,squad_validation_1000,test,What is the Royal Castle the most interesting example of?,"Gothic architecture is represented in the majestic churches but also at the burgher houses and fortifications. The most significant buildings are St. John's Cathedral (14th century), the temple is a typical example of the so-called Masovian gothic style, St. Mary's Church (1411), a town house of Burbach family (14th century), Gunpowder Tower (after 1379) and the Royal Castle Curia Maior (1407–1410). The most notable examples of Renaissance architecture in the city are the house of Baryczko merchant family (1562), building called ""The Negro"" (early 17th century) and Salwator tenement (1632). The most interesting examples of mannerist architecture are the Royal Castle (1596–1619) and the Jesuit Church (1609–1626) at Old Town. Among the first structures of the early baroque the most important are St. Hyacinth's Church (1603–1639) and Sigismund's Column (1644).",mannerist architecture | mannerist,Royal Castle,0,0,0.6675892579945973,2.04484209421223e-06,2.04484209421223e-06,0.20278202325253988,answer_mean,freegpu-squad1000-Qwen_Qwen2.5-0.5B-Instruct-answermean,raw_vs_conservative_disagreement,assistant-assisted no lexical overlap with accepted aliases,no
squad-validation-994,squad_validation_1000,test,What commemorates Warsaw's heroic history?,"There are also many places commemorating the heroic history of Warsaw. Pawiak, an infamous German Gestapo prison now occupied by a Mausoleum of Memory of Martyrdom and the museum, is only the beginning of a walk in the traces of Heroic City. The Warsaw Citadel, an impressive 19th-century fortification built after the defeat of the November Uprising, was a place of martyr for the Poles. Another important monument, the statue of Little Insurgent located at the ramparts of the Old Town, commemorates the children who served as messengers and frontline troops in the Warsaw Uprising, while the impressive Warsaw Uprising Monument by Wincenty Kućma was erected in memory of the largest insurrection of World War II.",many places,Heroic City,0,0,0.7340386760137362,0.0007218462097652842,0.0007218462097652842,0.2964633776537529,answer_mean,freegpu-squad1000-Qwen_Qwen2.5-0.5B-Instruct-answermean,raw_vs_conservative_disagreement,assistant-assisted no lexical overlap with accepted aliases,no
